Workbook

Sheet 2026
A1: إيجاري | K1: 2026
A2: م | B2: المشروع | C2: الاسم | D2: الممثل القانوني | E2: الوحدة | F2: العنوان | G2: العقد من | H2: العقد الى | I2: تسجيل ضريبي | J2: الرقم القومي / الباسبور | K2: يناير | L2: فبراير | M2: مارس | N2: ابريل | O2: مايو | P2: يونيو | Q2: يوليو | R2: اغسطس | S2: سبتمبر | T2: اكتوبر | U2: نوفمبر | V2: ديسمبر | W2: الاجمالي | X2: ملاحظات | Y2: كود العقد | Z2: كود الوحدة | AA2: كود العميل | AB2: كود المشروع
A3: 1 | B3: بابل | C3: حسام حسن سنوسي | D3: يوسف حسن سنوسي | E3: محل | F3: شارع بابل الدقي 39 | G3: 45078 | H3: 46173 | J3: 29202162300777 | K3: 12705 | L3: 12705 | M3: 12705 | N3: 12705 | O3: 12705 | W3: =SUM(K3:V3) | Y3: T0001 | Z3: P01-S1 | AA3: C001 | AB3: P01
A4: 2 | B4: بابل | C4: صالون ايه ام Salon A M | D4: محمد ابراهيم موسى | E4: محل | F4: شارع بابل الدقي 39 | G4: 45778 | H4: 46142 | J4: 29206013100132 | K4: 30500 | L4: 30500 | M4: 30500 | N4: 30500 | W4: =SUM(K4:V4) | Y4: T0002 | Z4: P01-S2 | AA4: C002 | AB4: P01
A5: 3 | B5: بابل | C5: شركة الدقة للاستشارات الهندسية | D5: محمد احمد فراج | E5: ميزان 1/2 | F5: شارع بابل الدقي 39 | G5: 45432 | H5: 46526 | I5: 726-387-908 | J5: 28803262100597 | K5: 45100 | L5: 45100 | M5: 45100 | N5: 45100 | O5: 46603 | P5: 49610 | Q5: 49610 | R5: 49610 | W5: =SUM(K5:V5) | Y5: T0003 | Z5: P01-M1-2 | AA5: C003 | AB5: P01
A6: 4 | B6: بابل | C6: شركة العنوان للانتاج الفني | D6: نسرين احمد عثمان | E6: ميزان 3 | F6: شارع بابل الدقي 39 | G6: 45444 | H6: 46173 | J6: P10629999 | K6: 41800 | L6: 41800 | M6: 41800 | N6: 41800 | O6: 41800 | W6: =SUM(K6:V6) | Y6: T0004 | Z6: P01-M3 | AA6: C004 | AB6: P01
A7: 5 | B7: بابل | C7: شركة الدقة للاستشارات الهندسية | D7: محمد احمد فراج | E7: الدور الثاني | F7: شارع بابل الدقي 39 | G7: 45352 | H7: 46446 | I7: 726-387-908 | J7: 28803262100597 | K7: 83600 | L7: 83600 | M7: 91960 | N7: 91960 | O7: 91960 | P7: 91960 | Q7: 91960 | R7: 91960 | W7: =SUM(K7:V7) | Y7: T0005 | Z7: P01-F2 | AA7: C003 | AB7: P01
A8: 6 | B8: بابل | C8: شركة ديل اند بيك للتجارة الالكترونية | D8: وليد محمود مصطفى | E8: مكتب 42 | F8: شارع بابل الدقي 39 | G8: 45158 | H8: 46253 | I8: 557-627-516 | J8: 28407140102651 | K8: 30250 | L8: 30250 | M8: 30250 | N8: 30250 | O8: 30250 | P8: 30250 | Q8: 30250 | R8: 44090 | W8: =SUM(K8:V8) | Y8: T0006 | Z8: P01-O42 | AA8: C005 | AB8: P01
A9: 7 | B9: بابل | C9: مصطفى عثمان ابراهيم | D9: مصطفى عثمان ابراهيم | E9: مكتب 61 | F9: شارع بابل الدقي 39 | G9: 45017 | H9: 46112 | J9: 27004050101531 | K9: 24330 | L9: 24330 | M9: 24330 | W9: =SUM(K9:V9) | Y9: T0007 | Z9: P01-O61 | AA9: C006 | AB9: P01
A10: 8 | B10: محيي الدين | C10: شركة مستر تايلور | D10: احمد رشد قاسم | E10: ميزان 1 | F10: شارع محيي الدين ابو العز 30 | G10: 45139 | H10: 46965 | I10: 721-692-965 | J10: 27307022102338 | K10: 42350 | L10: 42350 | M10: 42350 | N10: 42350 | O10: 42350 | P10: 42350 | Q10: 42350 | R10: 46585 | W10: =SUM(K10:V10) | Y10: T0008 | Z10: P02-M1 | AA10: C007 | AB10: P02
A11: 9 | B11: محيي الدين | C11: شركة صحة سكان | D11: اشرف صلاح محمد | E11: ميزان 2 | F11: شارع محيي الدين ابو العز 30 | G11: 45242 | H11: 46337 | I11: 421-187-875 | J11: 25510030100193 | K11: 25410 | L11: 25410 | M11: 25410 | N11: 25410 | O11: 25410 | P11: 25410 | Q11: 25410 | R11: 25410 | W11: =SUM(K11:V11) | Y11: T0009 | Z11: P02-M2 | AA11: C008 | AB11: P02
A12: 10 | B12: محيي الدين | C12: شركة ستاف ارابيا | D12: اياد صبحي حافظ | E12: 202 | F12: شارع محيي الدين ابو العز 30 | G12: 45231 | H12: 46326 | I12: 567-354-873 | J12: N011661697 | K12: 46585 | L12: 46585 | M12: 46585 | N12: 46585 | O12: 46585 | P12: 46585 | Q12: 46585 | R12: 46585 | W12: =SUM(K12:V12) | Y12: T0010 | Z12: P02-202 | AA12: C009 | AB12: P02
A13: 11 | B13: محيي الدين | C13: علي فرغلي علي | D13: علي فرغلي علي | E13: 301 | F13: شارع محيي الدين ابو العز 30 | G13: 46143 | H13: 46507 | J13: 29705050200631 | K13: 22990 | L13: 22990 | M13: 22990 | N13: 22990 | O13: 37000 | P13: 37000 | Q13: 37000 | R13: 37000 | W13: =SUM(K13:V13) | Y13: T0011 | Z13: P02-301 | AA13: C010 | AB13: P02
A14: 12 | B14: محيي الدين | C14: دكتور شريف عزت عبد الخالق | D14: دكتور شريف عزت عبد الخالق | E14: 302 | F14: شارع محيي الدين ابو العز 30 | G14: 46143 | H14: 46507 | J14: 26211150101815 | K14: 35000 | L14: 35000 | M14: 35000 | N14: 35000 | O14: 38500 | P14: 38500 | Q14: 38500 | R14: 37500 | W14: =SUM(K14:V14) | Y14: T0012 | Z14: P02-302 | AA14: C011 | AB14: P02
A15: 13 | B15: محيي الدين | C15: شركة ايجل اي ميدل ايست | D15: اسلام محمد عبد الفتاح | E15: 303 | F15: شارع محيي الدين ابو العز 30 | G15: 45870 | H15: 46965 | I15: 730-874-532 | J15: 28910220100539 | K15: 43000 | L15: 43000 | M15: 43000 | N15: 43000 | O15: 43000 | P15: 43000 | Q15: 43000 | R15: 49450 | W15: =SUM(K15:V15) | Y15: T0013 | Z15: P02-303 | AA15: C012 | AB15: P02
A16: 14 | B16: محيي الدين | C16: شركة ايجل اي ميدل ايست | D16: اسلام محمد عبد الفتاح | E16: 304 | F16: شارع محيي الدين ابو العز 30 | G16: 45474 | H16: 46568 | I16: 730-874-532 | J16: 28910220100539 | K16: 25300 | L16: 25300 | M16: 25300 | N16: 25300 | O16: 25300 | P16: 25300 | Q16: 27830 | R16: 27830 | W16: =SUM(K16:V16) | Y16: T0014 | Z16: P02-304 | AA16: C012 | AB16: P02
A17: 15 | B17: محيي الدين | C17: دكتور ياسر خالد بادي محمد | D17: ياسر خالد بادي محمد | E17: 401 | F17: شارع محيي الدين ابو العز 30 | G17: 45668 | H17: 46397 | J17: 29010208800714 | K17: 36025 | L17: 37665 | M17: 37665 | N17: 37665 | O17: 37665 | P17: 37665 | Q17: 37665 | R17: 37665 | W17: =SUM(K17:V17) | Y17: T0015 | Z17: P02-401 | AA17: C013 | AB17: P02
A18: 16 | B18: محيي الدين | C18: دكتور عمرو هشام محمد | D18: عمرو هشام محمد | E18: 404 | F18: شارع محيي الدين ابو العز 30 | G18: 45292 | H18: 46387 | J18: 29009011320232 | K18: 30250 | L18: 30250 | M18: 30250 | N18: 30250 | O18: 30250 | P18: 30250 | Q18: 30250 | R18: 30250 | W18: =SUM(K18:V18) | Y18: T0016 | Z18: P02-404 | AA18: C014 | AB18: P02
A19: 17 | B19: محيي الدين | C19: د/ احمد محمد حسن - د/ دينا محمد سعيد | D19: د/ احمد محمد حسن - د/ دينا محمد سعيد | E19: 502 | F19: شارع محيي الدين ابو العز 30 | G19: 45170 | H19: 46265 | J19: 27404220102918 | K19: 19060 | L19: 19060 | M19: 19060 | N19: 19060 | O19: 19060 | P19: 19060 | Q19: 19060 | R19: 19060 | W19: =SUM(K19:V19) | Y19: T0017 | Z19: P02-502 | AA19: C015 | AB19: P02
A20: 18 | B20: محيي الدين | C20: د/ ياسمين جمال - د/ محمد خطاب | D20: ياسمين محمد جمال الدين - محمد حمدي محمد | E20: 503 | F20: شارع محيي الدين ابو العز 30 | G20: 45200 | H20: 46295 | J20: 28607270103607 | K20: 20570 | L20: 20570 | M20: 20570 | N20: 20570 | O20: 20570 | P20: 20570 | Q20: 20570 | R20: 20570 | W20: =SUM(K20:V20) | Y20: T0018 | Z20: P02-503 | AA20: C016 | AB20: P02
A21: 19 | B21: محيي الدين | C21: حمدي جمال حمدي | D21: حمدي جمال حمدي | E21: 504 | F21: شارع محيي الدين ابو العز 30 | G21: 45231 | H21: 46326 | J21: 30109182600357 | K21: 25410 | L21: 25410 | M21: 25410 | N21: 25410 | O21: 25410 | P21: 25410 | Q21: 25410 | R21: 25410 | W21: =SUM(K21:V21) | Y21: T0019 | Z21: P02-504 | AA21: C017 | AB21: P02
A22: 20 | B22: ابو بكر | C22: شركة موريشي للاستيراد والتصدير | D22: محمد مصطفى محمد | E22: ميزان 1 | F22: شارع ابو بكر الصديق 3 | G22: 45505 | H22: 46599 | I22: 578-907-399 | J22: 28206128800771 | K22: 40700 | L22: 40700 | M22: 40700 | N22: 40700 | O22: 40700 | P22: 40700 | Q22: 40700 | R22: 44770 | W22: =SUM(K22:V22) | Y22: T0020 | Z22: P03-M1 | AA22: C018 | AB22: P03
A23: 21 | B23: ابو بكر | C23: شركة تسفع لتطوير المهارات | D23: محمد مصطفى محمد | E23: ميزان 2 | F23: شارع ابو بكر الصديق 3 | G23: 45505 | H23: 46599 | I23: 765-044-404 | J23: 28206128800771 | K23: 40700 | L23: 40700 | M23: 40700 | N23: 40700 | O23: 40700 | P23: 40700 | Q23: 40700 | R23: 44770 | W23: =SUM(K23:V23) | Y23: T0021 | Z23: P03-M2 | AA23: C019 | AB23: P03
A24: 22 | B24: ابو بكر | C24: احمد هاشم احمد | D24: احمد هاشم احمد | E24: 102 | F24: شارع ابو بكر الصديق 3 | G24: 46204 | H24: 46568 | J24: P12786398 | K24: 17500 | L24: 17500 | M24: 17500 | N24: 17500 | O24: 17500 | P24: 17500 | Q24: 20000 | R24: 20000 | W24: =SUM(K24:V24) | Y24: T0022 | Z24: P03-102 | AA24: C020 | AB24: P03
A25: 23 | B25: ابو بكر | C25: عبد الرحمن هلال احمد | D25: عبد الرحمن هلال احمد | E25: 103 | F25: شارع ابو بكر الصديق 3 | G25: 45992 | H25: 46356 | J25: 29108131301515 | K25: 7000 | L25: 7000 | M25: 7000 | N25: 7000 | O25: 7000 | P25: 7000 | Q25: 7000 | R25: 7000 | W25: =SUM(K25:V25) | Y25: T0023 | Z25: P03-103 | AA25: C021 | AB25: P03
A26: 24 | B26: ابو بكر | C26: وليد عبد الرحمن عبد الكريم | D26: وليد عبد الرحمن عبد الكريم | E26: 104 | F26: شارع ابو بكر الصديق 3 | G26: 46204 | H26: 46568 | J26: X853069 | K26: 13000 | L26: 13000 | M26: 13000 | N26: 13000 | O26: 13000 | P26: 13000 | Q26: 15000 | R26: 15000 | W26: =SUM(K26:V26) | Y26: T0024 | Z26: P03-104 | AA26: C022 | AB26: P03
A27: 25 | B27: ابو بكر | C27: احمد هاشم احمد | D27: احمد هاشم احمد | E27: 105 | F27: شارع ابو بكر الصديق 3 | G27: 46204 | H27: 46568 | J27: P12786398 | K27: 13500 | L27: 13500 | M27: 13500 | N27: 13500 | O27: 13500 | P27: 13500 | Q27: 15000 | R27: 1000 | W27: =SUM(K27:V27) | Y27: T0025 | Z27: P03-105 | AA27: C020 | AB27: P03
A28: 26 | B28: ابو بكر | C28: محمد هلال احمد | D28: محمد هلال احمد | E28: 106 | F28: شارع ابو بكر الصديق 3 | G28: 45992 | H28: 46356 | J28: 28408191301751 | K28: 7000 | L28: 7000 | M28: 7000 | N28: 7000 | O28: 7000 | P28: 7000 | Q28: 7000 | R28: 7000 | W28: =SUM(K28:V28) | Y28: T0026 | Z28: P03-106 | AA28: C023 | AB28: P03
A29: 27 | B29: ابو بكر | C29: محمد هلال احمد | D29: محمد هلال احمد | E29: 107 | F29: شارع ابو بكر الصديق 3 | G29: 46204 | H29: 46568 | J29: 28408191301751 | K29: 6000 | L29: 6000 | M29: 6000 | N29: 6000 | O29: 6000 | P29: 8000 | Q29: 8000 | R29: 8000 | W29: =SUM(K29:V29) | Y29: T0027 | Z29: P03-107 | AA29: C023 | AB29: P03
A30: 28 | B30: ابو بكر | C30: محمد هلال احمد | D30: محمد هلال احمد | E30: 108 | F30: شارع ابو بكر الصديق 3 | G30: 46204 | H30: 46568 | J30: 28408191301751 | K30: 6000 | L30: 6000 | M30: 6000 | N30: 6000 | O30: 6000 | P30: 8000 | Q30: 8000 | R30: 8000 | W30: =SUM(K30:V30) | Y30: T0028 | Z30: P03-108 | AA30: C023 | AB30: P03
A31: 29 | B31: ابو بكر | C31: ارابيك في اي بي | D31: ليلى جمال شعبان | E31: 201 | F31: شارع ابو بكر الصديق 3 | G31: 45078 | H31: 46173 | J31: 29409202103248 | K31: 11495 | L31: 11495 | M31: 11495 | N31: 11495 | O31: 11495 | W31: =SUM(K31:V31) | Y31: T0029 | Z31: P03-201 | AA31: C024 | AB31: P03
A32: 30 | B32: ابو بكر | C32: د/ احمد وجدي عبد القادر | D32: احمد وجدي عبد القادر | E32: 202 | F32: شارع ابو بكر الصديق 3 | G32: 45901 | H32: 46265 | J32: 28509092104431 | K32: 16500 | L32: 16500 | M32: 16500 | N32: 16500 | O32: 16500 | P32: 16500 | Q32: 16500 | R32: 16500 | W32: =SUM(K32:V32) | Y32: T0030 | Z32: P03-202 | AA32: C025 | AB32: P03
A33: 31 | B33: ابو بكر | C33: د/ مصطفى مجدي عوض | D33: مصطفى مجدي عوض | E33: 204 | F33: شارع ابو بكر الصديق 3 | G33: 45839 | H33: 46203 | J33: 28910178800274 | K33: 12500 | L33: 12500 | M33: 12500 | N33: 12500 | O33: 12500 | P33: 12500 | W33: =SUM(K33:V33) | Y33: T0031 | Z33: P03-204 | AA33: C026 | AB33: P03
A34: 32 | B34: ابو بكر | C34: د/ محمد عبد الحليم محمود | D34: محمد عبد الحليم محمود | E34: 204 | F34: شارع ابو بكر الصديق 3 | G34: 46204 | H34: 46568 | J34: 28907122102999 | Q34: 14500 | R34: 14500 | W34: =SUM(K34:V34) | Y34: T0032 | Z34: P03-204 | AA34: C027 | AB34: P03
A35: 33 | B35: ابو بكر | C35: عبدالله عصام شعبان | D35: عبدالله عصام شعبان | E35: 205 | F35: شارع ابو بكر الصديق 3 | G35: 45977 | H35: 46341 | J35: N589794681 | K35: 14000 | L35: 14000 | M35: 14000 | N35: 14000 | O35: 14000 | P35: 14000 | Q35: 14000 | R35: 14000 | W35: =SUM(K35:V35) | Y35: T0033 | Z35: P03-205 | AA35: C028 | AB35: P03
A36: 34 | B36: ابو بكر | C36: شركة جي اس للمنتجات الجلدية والاكسسوار | D36: جيداء يسر محمد | E36: 206 | F36: شارع ابو بكر الصديق 3 | G36: 45901 | H36: 46264 | J36: 26306292101365 | K36: 16500 | L36: 16500 | M36: 16500 | N36: 16500 | O36: 16500 | P36: 16500 | Q36: 16500 | R36: 16500 | W36: =SUM(K36:V36) | Y36: T0034 | Z36: P03-206 | AA36: C029 | AB36: P03
A37: 35 | B37: ابو بكر | C37: د/ رامه هاشم ابو زيد | D37: رامه هاشم ابو زيد | E37: 207 | F37: شارع ابو بكر الصديق 3 | G37: 46143 | H37: 46507 | J37: P13199335 | O37: 20000 | P37: 20000 | Q37: 20000 | R37: 20000 | W37: =SUM(K37:V37) | Y37: T0035 | Z37: P03-207 | AA37: C030 | AB37: P03
A38: 36 | B38: ابو بكر | C38: شركة لينيا ارت برودكشن | D38: احمد صبري عبد العزيز | E38: 208 | F38: شارع ابو بكر الصديق 3 | G38: 45383 | H38: 46477 | I38: 337-707-162 | J38: 27310061501011 | K38: 19250 | L38: 19250 | M38: 19250 | N38: 21175 | O38: 21175 | P38: 21175 | Q38: 21175 | R38: 21175 | W38: =SUM(K38:V38) | Y38: T0036 | Z38: P03-208 | AA38: C031 | AB38: P03
A39: 37 | B39: ابو بكر | C39: حسام عبد المحسن شحات | D39: حسام عبد المحسن شحات | E39: 301 | F39: شارع ابو بكر الصديق 3 | G39: 45920 | H39: 46284 | J39: 29909152101756 | K39: 17000 | L39: 17000 | M39: 17000 | N39: 17000 | O39: 17000 | W39: =SUM(K39:V39) | Y39: T0037 | Z39: P03-301 | AA39: C032 | AB39: P03
A40: 38 | B40: ابو بكر | C40: وليد محمد عبد القادر | D40: وليد محمد عبد القادر | E40: 302 | F40: شارع ابو بكر الصديق 3 | G40: 45916 | H40: 46280 | I40: 723-549-699 | J40: 28210160103159 | K40: 17000 | L40: 17000 | M40: 17000 | N40: 17000 | O40: 17000 | P40: 17000 | Q40: 17000 | R40: 17000 | W40: =SUM(K40:V40) | Y40: T0038 | Z40: P03-302 | AA40: C033 | AB40: P03
A41: 39 | B41: ابو بكر | C41: احمد هاشم احمد | D41: احمد هاشم احمد | E41: 303 | F41: شارع ابو بكر الصديق 3 | G41: 46054 | H41: 46418 | J41: P12786398 | L41: 19000 | M41: 19000 | N41: 19000 | O41: 19000 | P41: 19000 | Q41: 19000 | R41: 19000 | W41: =SUM(K41:V41) | Y41: T0039 | Z41: P03-303 | AA41: C020 | AB41: P03
A42: 40 | B42: ابو بكر | C42: خالد مصطفى الطيب | D42: خالد مصطفى الطيب | E42: 304 | F42: شارع ابو بكر الصديق 3 | G42: 44968 | H42: 46063 | J42: B00021465 | K42: 7565 | W42: =SUM(K42:V42) | Y42: T0040 | Z42: P03-304 | AA42: C034 | AB42: P03
A43: 41 | B43: ابو بكر | C43: سارة سيد احمد | D43: سارة سيد احمد | E43: 304 | F43: شارع ابو بكر الصديق 3 | G43: 46235 | H43: 46599 | J43: P08991266 | R43: 14000 | W43: =SUM(K43:V43) | Y43: T0041 | Z43: P03-304 | AA43: C035 | AB43: P03
A44: 42 | B44: ابو بكر | C44: شركة سي سي بي ري للاعتماد والتفتيش الزراعي | D44: ايهاب احمد عبد الرحمن | E44: 305 | F44: شارع ابو بكر الصديق 3 | G44: 46023 | H44: 46387 | I44: 640-971-180 | J44: 27901280101094 | K44: 11500 | L44: 11500 | M44: 11500 | N44: 11500 | O44: 11500 | P44: 11500 | Q44: 11500 | R44: 11500 | W44: =SUM(K44:V44) | Y44: T0042 | Z44: P03-305 | AA44: C036 | AB44: P03
A45: 43 | B45: ابو بكر | C45: وليد مصطفى احمد | D45: وليد مصطفى احمد | E45: 306 | F45: شارع ابو بكر الصديق 3 | G45: 45261 | H45: 46356 | J45: 28002058800153 | K45: 11195 | L45: 11195 | M45: 11195 | N45: 11195 | O45: 11195 | P45: 11195 | Q45: 11195 | R45: 11195 | W45: =SUM(K45:V45) | Y45: T0043 | Z45: P03-306 | AA45: C037 | AB45: P03
A46: 44 | B46: ابو بكر | C46: د/ ولاء محمد سيد جاد | D46: ولاء محمد جاد | E46: 307 | F46: شارع ابو بكر الصديق 3 | G46: 45627 | H46: 46721 | J46: 29304288800241 | K46: 12100 | L46: 12100 | M46: 12100 | N46: 12100 | O46: 12100 | P46: 12100 | Q46: 12100 | R46: 12100 | W46: =SUM(K46:V46) | Y46: T0044 | Z46: P03-307 | AA46: C038 | AB46: P03
A47: 45 | B47: ابو بكر | C47: مبادرات وزارة الشباب والرياضة | D47: امني سعد سيد محمد | E47: 401 | F47: شارع ابو بكر الصديق 3 | G47: 45444 | H47: 46538 | I47: 631-230-068 | J47: 28101192201744 | K47: 11000 | L47: 11000 | M47: 11000 | N47: 11000 | O47: 11000 | P47: 12100 | Q47: 12100 | R47: 12100 | W47: =SUM(K47:V47) | Y47: T0045 | Z47: P03-401 | AA47: C039 | AB47: P03
A48: 46 | B48: ابو بكر | C48: شركة HMA | D48: محمد البشير حسن | E48: 403 | F48: شارع ابو بكر الصديق 3 | G48: 45307 | H48: 46402 | J48: P08627722 | K48: 14850 | L48: 14850 | M48: 16335 | N48: 16335 | O48: 16335 | P48: 16335 | Q48: 16335 | R48: 16335 | W48: =SUM(K48:V48) | Y48: T0046 | Z48: P03-403 | AA48: C040 | AB48: P03
A49: 47 | B49: ابو بكر | C49: نور صدقي محمد | D49: نور صدقي محمد | E49: 404 | F49: شارع ابو بكر الصديق 3 | G49: 46174 | H49: 46538 | J49: 28302228800335 | K49: 12000 | L49: 12000 | M49: 12000 | N49: 12000 | O49: 12000 | P49: 13500 | Q49: 13500 | R49: 13500 | W49: =SUM(K49:V49) | Y49: T0047 | Z49: P03-404 | AA49: C041 | AB49: P03
A50: 48 | B50: ابو بكر | C50: شركة معز الهندسية | D50: مستنصر شبير ميمون | E50: 405 | F50: شارع ابو بكر الصديق 3 | G50: 46082 | H50: 46446 | J50: X7619916 | K50: 12000 | L50: 12000 | M50: 14000 | N50: 14000 | O50: 14000 | P50: 14000 | Q50: 14000 | R50: 14000 | W50: =SUM(K50:V50) | Y50: T0048 | Z50: P03-405 | AA50: C042 | AB50: P03
A51: 49 | B51: ابو بكر | C51: شركة تباشير للاستثمار | D51: عمر محمود محمد | E51: 406 | F51: شارع ابو بكر الصديق 3 | G51: 45302 | H51: 46397 | J51: P06048447 | K51: 14575 | L51: 14565 | M51: 16035 | N51: 16035 | O51: 16035 | P51: 16035 | Q51: 16035 | R51: 16035 | W51: =SUM(K51:V51) | Y51: T0049 | Z51: P03-406 | AA51: C043 | AB51: P03
A52: 50 | B52: ابو بكر | C52: شركة العوضي للتجارة والشحن الدولي | D52: خالد مصطفى الطيب | E52: 407 | F52: شارع ابو بكر الصديق 3 | G52: 46023 | H52: 46387 | J52: 567-734-420 | K52: 16500 | L52: 16500 | M52: 16500 | N52: 16500 | O52: 16500 | P52: 16500 | Q52: 16500 | R52: 16500 | W52: =SUM(K52:V52) | X52: الإجمالي في الورقة 115,500 لكن الشهور مجموعها 132,000 - راجع الأصل | Y52: T0050 | Z52: P03-407 | AA52: C044 | AB52: P03
A53: 51 | B53: ابو بكر | C53: احمد عصام الدين عبد السلام | D53: احمد عصام الدين عبد السلام | E53: 408 | F53: شارع ابو بكر الصديق 3 | G53: 45931 | H53: 46295 | J53: 29910198801173 | K53: 18500 | L53: 18500 | M53: 18500 | N53: 18500 | O53: 18500 | P53: 18500 | Q53: 18500 | R53: 18500 | W53: =SUM(K53:V53) | Y53: T0051 | Z53: P03-408 | AA53: C045 | AB53: P03
A54: 52 | B54: ابو بكر | C54: نور فلد للاستشارات التجارية | D54: نورهان فاروق معوض | E54: 501 | F54: شارع ابو بكر الصديق 3 | G54: 45870 | H54: 46234 | J54: 29810012118882 | K54: 15000 | L54: 15000 | M54: 15000 | N54: 15000 | O54: 15000 | P54: 15000 | Q54: 15000 | W54: =SUM(K54:V54) | Y54: T0052 | Z54: P03-501 | AA54: C046 | AB54: P03
A55: 53 | B55: ابو بكر | C55: نور فلد للاستشارات التجارية | D55: نورهان فاروق معوض | E55: 502 | F55: شارع ابو بكر الصديق 3 | G55: 45870 | H55: 46234 | J55: 29810012118882 | K55: 15000 | L55: 15000 | M55: 15000 | N55: 15000 | O55: 15000 | P55: 15000 | Q55: 15000 | W55: =SUM(K55:V55) | Y55: T0053 | Z55: P03-502 | AA55: C046 | AB55: P03
A56: 54 | B56: ابو بكر | C56: باسم مكرم انور كامل | D56: باسم مكرم انور كامل | E56: 503 | F56: شارع ابو بكر الصديق 3 | G56: 45231 | H56: 46326 | J56: 29402012408072 | K56: 11195 | L56: 11195 | M56: 11195 | N56: 11195 | O56: 11195 | P56: 11195 | Q56: 11135 | W56: =SUM(K56:V56) | X56: الإجمالي في الورقة 78,765 لكن الشهور مجموعها 78,305 - يوليو ممكن يكون 11,595 | Y56: T0054 | Z56: P03-503 | AA56: C047 | AB56: P03
A57: 55 | B57: ابو بكر | C57: شركة لوتس للتجارة والملابس الجاهزة | D57: ايمن احمد الله | E57: 504 | F57: شارع ابو بكر الصديق 3 | G57: 45901 | H57: 46265 | J57: 29001292102441 | K57: 10000 | L57: 10000 | M57: 10000 | N57: 10000 | O57: 10000 | P57: 10000 | Q57: 10000 | R57: 10000 | W57: =SUM(K57:V57) | Y57: T0055 | Z57: P03-504 | AA57: C048 | AB57: P03
A58: 56 | B58: ابو بكر | C58: محمد هلال احمد | D58: محمد هلال احمد | E58: 505 | F58: شارع ابو بكر الصديق 3 | G58: 46204 | H58: 46568 | J58: 28408191301751 | K58: 11000 | L58: 11000 | M58: 11000 | N58: 11000 | O58: 11000 | P58: 11000 | Q58: 13000 | R58: 13000 | W58: =SUM(K58:V58) | Y58: T0056 | Z58: P03-505 | AA58: C023 | AB58: P03
A59: 57 | B59: ابو بكر | C59: د/ دعاء احمد حسن صديق | D59: دعاء احمد حسن صديق | E59: 506 | F59: شارع ابو بكر الصديق 3 | G59: 46174 | H59: 46538 | J59: P0753664 | K59: 17000 | L59: 17000 | M59: 17000 | N59: 17000 | O59: 17000 | P59: 19000 | Q59: 19000 | R59: 19000 | W59: =SUM(K59:V59) | Y59: T0057 | Z59: P03-506 | AA59: C049 | AB59: P03
A60: 58 | B60: ابو بكر | C60: شركة كالدو لادارة المطاعم والكافيهات | D60: حسام عمر حماد | E60: 508 | F60: شارع ابو بكر الصديق 3 | G60: 46180 | H60: 46544 | I60: 782-617-808 | J60: P06922103 | P60: 13500 | Q60: 18000 | R60: 18000 | W60: =SUM(K60:V60) | Y60: T0058 | Z60: P03-508 | AA60: C050 | AB60: P03
A61: 59 | B61: ابو بكر | C61: شركة الجزيرة للتنمية والتعمير | D61: وائل سيد حسب الله حسن | E61: 601 | F61: شارع ابو بكر الصديق 3 | G61: 45170 | H61: 46265 | J61: 27806082800957 | K61: 9680 | L61: 9680 | M61: 9680 | N61: 9680 | O61: 9680 | P61: 9680 | Q61: 9680 | R61: 9680 | W61: =SUM(K61:V61) | Y61: T0059 | Z61: P03-601 | AA61: C051 | AB61: P03
A62: 60 | B62: ابو بكر | C62: شركة ديناميك للاستشارات الهندسية | D62: بدر محمد كامل | E62: 602 | F62: شارع ابو بكر الصديق 3 | G62: 45931 | H62: 46295 | I62: 379-360-810 | J62: 27701040100156 | K62: 19000 | L62: 19000 | M62: 19000 | N62: 19000 | O62: 19000 | P62: 19000 | Q62: 19000 | R62: 19000 | W62: =SUM(K62:V62) | Y62: T0060 | Z62: P03-602 | AA62: C052 | AB62: P03
A63: 61 | B63: ابو بكر | C63: خالد السيد محمد محمد عثمان صالح احمد عبد العزيز احمد | D63: خالد السيد محمد محمد عثمان صالح احمد عبد العزيز احمد | E63: 603 | F63: شارع ابو بكر الصديق 3 | G63: 45231 | H63: 46326 | J63: P07615625 | K63: 11495 | L63: 11495 | M63: 11495 | N63: 11495 | O63: 11495 | P63: 11495 | Q63: 11495 | R63: 11495 | W63: =SUM(K63:V63) | Y63: T0061 | Z63: P03-603 | AA63: C053 | AB63: P03
A64: 62 | B64: ابو بكر | C64: هبه علي بكر | D64: هبه علي بكر | E64: 604 | F64: شارع ابو بكر الصديق 3 | G64: 45962 | H64: 46326 | J64: 30008010102044 | K64: 11000 | L64: 11000 | M64: 11000 | N64: 11000 | O64: 11000 | P64: 11000 | Q64: 11000 | R64: 11000 | W64: =SUM(K64:V64) | Y64: T0062 | Z64: P03-604 | AA64: C054 | AB64: P03
A65: 63 | B65: ابو بكر | C65: ابراهيم مصطفى محمد | D65: ابراهيم مصطفى محمد | E65: 605 | F65: شارع ابو بكر الصديق 3 | G65: 46219 | H65: 46583 | J65: 28405118800678 | K65: 8775 | L65: 8775 | M65: 8775 | N65: 8775 | O65: 8775 | P65: 8775 | Q65: 11390 | R65: 63+.0+3+26309 | W65: =SUM(K65:V65) | X65: خانة أغسطس مكتوب فيها نص مش رقم (زي الورقة) | Y65: T0063 | Z65: P03-605 | AA65: C055 | AB65: P03
A66: 64 | B66: ابو بكر | C66: شركة البوسفور للتجارة والتصدير | D66: ابو بكر محمد ابراهيم | E66: 606 | F66: شارع ابو بكر الصديق 3 | G66: 46219 | H66: 46583 | J66: P07389148 | K66: 15000 | L66: 15000 | M66: 15000 | N66: 15000 | O66: 15000 | P66: 15000 | Q66: 17000 | R66: 19000 | W66: =SUM(K66:V66) | Y66: T0064 | Z66: P03-606 | AA66: C056 | AB66: P03
A67: 65 | B67: ابو بكر | C67: شركة الراحتين للخدمات الطبية | D67: احمد جمال الدين عبد الفتاح | E67: 607 | F67: شارع ابو بكر الصديق 3 | G67: 46143 | H67: 46507 | J67: 28007202100058 | K67: 10500 | L67: 10500 | M67: 10500 | N67: 10500 | W67: =SUM(K67:V67) | X67: نهاية العقد في الورقة الأصلية 30/04/2026 (قبل البداية) — صُحِّحت تلقائيًا إلى 30/04/2027 | Y67: T0065 | Z67: P03-607 | AA67: C057 | AB67: P03
A68: 66 | B68: ابو بكر | C68: شركة المكس لتوريد الخرسانة الجاهزة والركام | D68: اسلام سمير نور الدين | E68: 608 | F68: شارع ابو بكر الصديق 3 | G68: 45839 | H68: 46203 | J68: 28506170105016 | K68: 13000 | L68: 13000 | M68: 13000 | N68: 13000 | O68: 13000 | P68: 13000 | W68: =SUM(K68:V68) | Y68: T0066 | Z68: P03-608 | AA68: C058 | AB68: P03
A69: 67 | B69: ابو بكر | C69: شركة الفيروز | D69: فيروز صدقي صديق | E69: 701 | F69: شارع ابو بكر الصديق 3 | G69: 45916 | H69: 46280 | I69: 724-203-192 | J69: 29312022102801 | K69: 17000 | L69: 17000 | M69: 17000 | N69: 17000 | O69: 17000 | P69: 17000 | Q69: 17000 | R69: 17000 | W69: =SUM(K69:V69) | Y69: T0067 | Z69: P03-701 | AA69: C059 | AB69: P03
A70: 68 | B70: ابو بكر | C70: شركة ديجيلابس | D70: قاسم انور | E70: 703 | F70: شارع ابو بكر الصديق 3 | G70: 46204 | H70: 46568 | J70: EM8386669 | Q70: 20000 | R70: 20000 | W70: =SUM(K70:V70) | Y70: T0068 | Z70: P03-703 | AA70: C060 | AB70: P03
A71: 69 | B71: ابو بكر | C71: شركة نمو زون | D71: يحيى محمد احمد | E71: 704 | F71: شارع ابو بكر الصديق 3 | G71: 45946 | H71: 46310 | J71: 10414477 | K71: 11000 | L71: 11000 | M71: 11000 | N71: 11000 | O71: 11000 | P71: 11000 | Q71: 11000 | W71: =SUM(K71:V71) | Y71: T0069 | Z71: P03-704 | AA71: C061 | AB71: P03
A72: 70 | B72: ابو بكر | C72: محمد عوده محمد | D72: محمد عوده محمد | E72: 705 | F72: شارع ابو بكر الصديق 3 | G72: 45938 | H72: 46302 | J72: O9565826 | K72: 11000 | L72: 11000 | M72: 11000 | N72: 11000 | O72: 11000 | W72: =SUM(K72:V72) | Y72: T0070 | Z72: P03-705 | AA72: C062 | AB72: P03
A73: 71 | B73: ابو بكر | C73: شركة امن قروب للمحاصيل الزراعية | D73: محمود ميلادي محمود | E73: 706 | F73: شارع ابو بكر الصديق 3 | G73: 45139 | H73: 46234 | I73: 337-042-634 | J73: 28302172800612 | K73: 10890 | L73: 10890 | M73: 10890 | N73: 10890 | O73: 10890 | P73: 10890 | W73: =SUM(K73:V73) | Y73: T0071 | Z73: P03-706 | AA73: C063 | AB73: P03
A74: 72 | B74: ابو بكر | C74: شركة هيثم للتجارة | D74: هيثم محمد | E74: 707 | F74: شارع ابو بكر الصديق 3 | G74: 45901 | H74: 46265 | J74: P08023784 | K74: 13000 | L74: 13000 | M74: 13000 | N74: 13000 | O74: 13000 | P74: 13000 | Q74: 13000 | R74: 13000 | W74: =SUM(K74:V74) | Y74: T0072 | Z74: P03-707 | AA74: C064 | AB74: P03
A75: 73 | B75: ابو بكر | C75: شركة هيثم للتجارة | D75: هيثم محمد | E75: 708 | F75: شارع ابو بكر الصديق 3 | G75: 45931 | H75: 46295 | J75: P08023784 | K75: 13000 | L75: 13000 | M75: 13000 | N75: 13000 | O75: 13000 | P75: 13000 | Q75: 13000 | R75: 13000 | W75: =SUM(K75:V75) | Y75: T0073 | Z75: P03-708 | AA75: C064 | AB75: P03
C76: الاجمالي العام | K76: =SUM(K3:K75) | L76: =SUM(L3:L75) | M76: =SUM(M3:M75) | N76: =SUM(N3:N75) | O76: =SUM(O3:O75) | P76: =SUM(P3:P75) | Q76: =SUM(Q3:Q75) | R76: =SUM(R3:R75) | ... W76: =SUM(W3:W75)

Sheet ملخص المشاريع
A1: المشروع | B1: عدد الصفوف في 2026 | C1: إجمالي 2026 | D1: عدد الوحدات | E1: مؤجَّرة | F1: شاغرة | G1: نسبة الإشغال | H1: المتأخرات | I1: كود المشروع
A2: بابل | B2: =COUNTIF('2026'!B3:B75,A2) | C2: =SUMIF('2026'!B3:B75,A2,'2026'!W3:W75) | D2: 7 | E2: 2 | F2: 5 | G2: 0.28571429 | H2: 283383 | I2: P01
A3: محيي الدين | B3: =COUNTIF('2026'!B3:B75,A3) | C3: =SUMIF('2026'!B3:B75,A3,'2026'!W3:W75) | D3: 12 | E3: 10 | F3: 2 | G3: 0.83333333 | H3: 752580 | I3: P02
A4: ابو بكر | B4: =COUNTIF('2026'!B3:B75,A4) | C4: =SUMIF('2026'!B3:B75,A4,'2026'!W3:W75) | D4: 52 | E4: 35 | F4: 17 | G4: 0.67307692 | H4: 1362576 | I4: P03
A5: الاجمالي | B5: =SUM(B2:B4) | C5: =SUM(C2:C4) | D5: =SUM(D2:D4) | E5: =SUM(E2:E4) | F5: =SUM(F2:F4) | H5: =SUM(H2:H4)

Sheet المشاريع
A1: كود المشروع | B1: اسم المشروع | C1: العنوان | D1: المنطقة | E1: ملاحظات | F1: تاريخ الإضافة | G1: عدد الوحدات (محسوب) | H1: مؤجَّرة (محسوب) | I1: شاغرة (محسوب) | J1: المتأخرات (محسوب) | K1: محصَّل السنة (محسوب)
A2: P01 | B2: بابل | C2: شارع بابل الدقي 39 | G2: 7 | H2: 2 | I2: 5 | J2: 283383 | K2: 1818148
A3: P02 | B3: محيي الدين | C3: شارع محيي الدين ابو العز 30 | G3: 12 | H3: 10 | I3: 2 | J3: 752580 | K3: 3071865
A4: P03 | B4: ابو بكر | C4: شارع ابو بكر الصديق 3 | G4: 52 | H4: 35 | I4: 17 | J4: 1362576 | K4: 5449810

Sheet الوحدات
A1: كود الوحدة | B1: كود المشروع | C1: المشروع | D1: رقم / اسم الوحدة | E1: النوع | F1: الدور | G1: المساحة م² | H1: ملاحظات | I1: تاريخ الإضافة | J1: الأصول (ملخص) | K1: الحالة (محسوب) | L1: المستأجر الحالي (محسوب) | M1: العقد الحالي (محسوب) | N1: الإيجار الحالي (محسوب) | O1: شاغرة منذ (محسوب) | P1: أيام الشغور (محسوب)
A2: P01-S1 | B2: P01 | C2: بابل | D2: محل | E2: تجارية | F2: G | K2: شاغرة | O2: 01/06/2026 | P2: 130
A3: P01-S2 | B3: P01 | C3: بابل | D3: محل | E3: تجارية | F3: G | K3: شاغرة | O3: 01/05/2026 | P3: 161
A4: P01-M1-2 | B4: P01 | C4: بابل | D4: ميزان 1/2 | E4: إدارية | F4: M | K4: مؤجَّرة | L4: شركة الدقة للاستشارات الهندسية | M4: T0003 | N4: 49610 | P4: 0
A5: P01-M3 | B5: P01 | C5: بابل | D5: ميزان 3 | E5: إدارية | F5: M | K5: شاغرة | O5: 01/06/2026 | P5: 130
A6: P01-F2 | B6: P01 | C6: بابل | D6: الدور الثاني | E6: إدارية | F6: 2 | K6: مؤجَّرة | L6: شركة الدقة للاستشارات الهندسية | M6: T0005 | N6: 91960 | P6: 0
A7: P01-O42 | B7: P01 | C7: بابل | D7: مكتب 42 | E7: إدارية | F7: 4 | K7: شاغرة | O7: 20/08/2026 | P7: 50
A8: P01-O61 | B8: P01 | C8: بابل | D8: مكتب 61 | E8: إدارية | F8: 6 | K8: شاغرة | O8: 01/04/2026 | P8: 191
A9: P02-M1 | B9: P02 | C9: محيي الدين | D9: ميزان 1 | E9: إدارية | F9: M | K9: مؤجَّرة | L9: شركة مستر تايلور | M9: T0008 | N9: 46585 | P9: 0
A10: P02-M2 | B10: P02 | C10: محيي الدين | D10: ميزان 2 | E10: إدارية | F10: M | K10: تنتهي قريبًا | L10: شركة صحة سكان | M10: T0009 | N10: 25410 | P10: 0
A11: P02-202 | B11: P02 | C11: محيي الدين | D11: 202 | E11: إدارية | F11: 2 | K11: تنتهي قريبًا | L11: شركة ستاف ارابيا | M11: T0010 | N11: 46585 | P11: 0
A12: P02-301 | B12: P02 | C12: محيي الدين | D12: 301 | E12: إدارية | F12: 3 | K12: مؤجَّرة | L12: علي فرغلي علي | M12: T0011 | N12: 37000 | P12: 0
A13: P02-302 | B13: P02 | C13: محيي الدين | D13: 302 | E13: إدارية | F13: 3 | K13: مؤجَّرة | L13: دكتور شريف عزت عبد الخالق | M13: T0012 | N13: 38500 | P13: 0
A14: P02-303 | B14: P02 | C14: محيي الدين | D14: 303 | E14: إدارية | F14: 3 | K14: مؤجَّرة | L14: شركة ايجل اي ميدل ايست | M14: T0013 | N14: 49450 | P14: 0
A15: P02-304 | B15: P02 | C15: محيي الدين | D15: 304 | E15: إدارية | F15: 3 | K15: مؤجَّرة | L15: شركة ايجل اي ميدل ايست | M15: T0014 | N15: 27830 | P15: 0
A16: P02-401 | B16: P02 | C16: محيي الدين | D16: 401 | E16: إدارية | F16: 4 | K16: مؤجَّرة | L16: دكتور ياسر خالد بادي محمد | M16: T0015 | N16: 37665 | P16: 0
A17: P02-404 | B17: P02 | C17: محيي الدين | D17: 404 | E17: إدارية | F17: 4 | K17: تنتهي قريبًا | L17: دكتور عمرو هشام محمد | M17: T0016 | N17: 30250 | P17: 0
A18: P02-502 | B18: P02 | C18: محيي الدين | D18: 502 | E18: إدارية | F18: 5 | K18: شاغرة | O18: 01/09/2026 | P18: 38
A19: P02-503 | B19: P02 | C19: محيي الدين | D19: 503 | E19: إدارية | F19: 5 | K19: شاغرة | O19: 01/10/2026 | P19: 8
A20: P02-504 | B20: P02 | C20: محيي الدين | D20: 504 | E20: إدارية | F20: 5 | K20: تنتهي قريبًا | L20: حمدي جمال حمدي | M20: T0019 | N20: 25410 | P20: 0
A21: P03-M1 | B21: P03 | C21: ابو بكر | D21: ميزان 1 | E21: إدارية | F21: M | K21: مؤجَّرة | L21: شركة موريشي للاستيراد والتصدير | M21: T0020 | N21: 44770 | P21: 0
A22: P03-M2 | B22: P03 | C22: ابو بكر | D22: ميزان 2 | E22: إدارية | F22: M | K22: مؤجَّرة | L22: شركة تسفع لتطوير المهارات | M22: T0021 | N22: 44770 | P22: 0
A23: P03-102 | B23: P03 | C23: ابو بكر | D23: 102 | E23: إدارية | F23: 1 | K23: مؤجَّرة | L23: احمد هاشم احمد | M23: T0022 | N23: 20000 | P23: 0
A24: P03-103 | B24: P03 | C24: ابو بكر | D24: 103 | E24: إدارية | F24: 1 | K24: تنتهي قريبًا | L24: عبد الرحمن هلال احمد | M24: T0023 | N24: 7000 | P24: 0
A25: P03-104 | B25: P03 | C25: ابو بكر | D25: 104 | E25: إدارية | F25: 1 | K25: مؤجَّرة | L25: وليد عبد الرحمن عبد الكريم | M25: T0024 | N25: 15000 | P25: 0
A26: P03-105 | B26: P03 | C26: ابو بكر | D26: 105 | E26: إدارية | F26: 1 | K26: مؤجَّرة | L26: احمد هاشم احمد | M26: T0025 | N26: 15000 | P26: 0
A27: P03-106 | B27: P03 | C27: ابو بكر | D27: 106 | E27: إدارية | F27: 1 | K27: تنتهي قريبًا | L27: محمد هلال احمد | M27: T0026 | N27: 7000 | P27: 0
A28: P03-107 | B28: P03 | C28: ابو بكر | D28: 107 | E28: إدارية | F28: 1 | K28: مؤجَّرة | L28: محمد هلال احمد | M28: T0027 | N28: 8000 | P28: 0
A29: P03-108 | B29: P03 | C29: ابو بكر | D29: 108 | E29: إدارية | F29: 1 | K29: مؤجَّرة | L29: محمد هلال احمد | M29: T0028 | N29: 8000 | P29: 0
A30: P03-201 | B30: P03 | C30: ابو بكر | D30: 201 | E30: إدارية | F30: 2 | K30: شاغرة | O30: 01/06/2026 | P30: 130
A31: P03-202 | B31: P03 | C31: ابو بكر | D31: 202 | E31: إدارية | F31: 2 | K31: شاغرة | O31: 01/09/2026 | P31: 38
A32: P03-204 | B32: P03 | C32: ابو بكر | D32: 204 | E32: إدارية | F32: 2 | K32: مؤجَّرة | L32: د/ محمد عبد الحليم محمود | M32: T0032 | N32: 14500 | P32: 0
A33: P03-205 | B33: P03 | C33: ابو بكر | D33: 205 | E33: إدارية | F33: 2 | K33: تنتهي قريبًا | L33: عبدالله عصام شعبان | M33: T0033 | N33: 14000 | P33: 0
A34: P03-206 | B34: P03 | C34: ابو بكر | D34: 206 | E34: إدارية | F34: 2 | K34: شاغرة | O34: 31/08/2026 | P34: 39
A35: P03-207 | B35: P03 | C35: ابو بكر | D35: 207 | E35: إدارية | F35: 2 | K35: مؤجَّرة | L35: د/ رامه هاشم ابو زيد | M35: T0035 | N35: 20000 | P35: 0
A36: P03-208 | B36: P03 | C36: ابو بكر | D36: 208 | E36: إدارية | F36: 2 | K36: مؤجَّرة | L36: شركة لينيا ارت برودكشن | M36: T0036 | N36: 21175 | P36: 0
A37: P03-301 | B37: P03 | C37: ابو بكر | D37: 301 | E37: إدارية | F37: 3 | K37: شاغرة | O37: 20/09/2026 | P37: 19
A38: P03-302 | B38: P03 | C38: ابو بكر | D38: 302 | E38: إدارية | F38: 3 | K38: شاغرة | O38: 16/09/2026 | P38: 23
A39: P03-303 | B39: P03 | C39: ابو بكر | D39: 303 | E39: إدارية | F39: 3 | K39: مؤجَّرة | L39: احمد هاشم احمد | M39: T0039 | N39: 19000 | P39: 0
A40: P03-304 | B40: P03 | C40: ابو بكر | D40: 304 | E40: إدارية | F40: 3 | K40: مؤجَّرة | L40: سارة سيد احمد | M40: T0041 | N40: 14000 | P40: 0
A41: P03-305 | B41: P03 | C41: ابو بكر | D41: 305 | E41: إدارية | F41: 3 | K41: تنتهي قريبًا | L41: شركة سي سي بي ري للاعتماد والتفتيش الزراعي | M41: T0042 | N41: 11500 | P41: 0
A42: P03-306 | B42: P03 | C42: ابو بكر | D42: 306 | E42: إدارية | F42: 3 | K42: تنتهي قريبًا | L42: وليد مصطفى احمد | M42: T0043 | N42: 11195 | P42: 0
A43: P03-307 | B43: P03 | C43: ابو بكر | D43: 307 | E43: إدارية | F43: 3 | K43: مؤجَّرة | L43: د/ ولاء محمد سيد جاد | M43: T0044 | N43: 12100 | P43: 0
A44: P03-401 | B44: P03 | C44: ابو بكر | D44: 401 | E44: إدارية | F44: 4 | K44: مؤجَّرة | L44: مبادرات وزارة الشباب والرياضة | M44: T0045 | N44: 12100 | P44: 0
A45: P03-403 | B45: P03 | C45: ابو بكر | D45: 403 | E45: إدارية | F45: 4 | K45: مؤجَّرة | L45: شركة HMA | M45: T0046 | N45: 14850 | P45: 0
A46: P03-404 | B46: P03 | C46: ابو بكر | D46: 404 | E46: إدارية | F46: 4 | K46: مؤجَّرة | L46: نور صدقي محمد | M46: T0047 | N46: 13500 | P46: 0
A47: P03-405 | B47: P03 | C47: ابو بكر | D47: 405 | E47: إدارية | F47: 4 | K47: مؤجَّرة | L47: شركة معز الهندسية | M47: T0048 | N47: 14000 | P47: 0
A48: P03-406 | B48: P03 | C48: ابو بكر | D48: 406 | E48: إدارية | F48: 4 | K48: مؤجَّرة | L48: شركة تباشير للاستثمار | M48: T0049 | N48: 14565 | P48: 0
A49: P03-407 | B49: P03 | C49: ابو بكر | D49: 407 | E49: إدارية | F49: 4 | K49: تنتهي قريبًا | L49: شركة العوضي للتجارة والشحن الدولي | M49: T0050 | N49: 16500 | P49: 0
A50: P03-408 | B50: P03 | C50: ابو بكر | D50: 408 | E50: إدارية | F50: 4 | K50: شاغرة | O50: 01/10/2026 | P50: 8
A51: P03-501 | B51: P03 | C51: ابو بكر | D51: 501 | E51: إدارية | F51: 5 | K51: شاغرة | O51: 01/08/2026 | P51: 69
A52: P03-502 | B52: P03 | C52: ابو بكر | D52: 502 | E52: إدارية | F52: 5 | K52: شاغرة | O52: 01/08/2026 | P52: 69
A53: P03-503 | B53: P03 | C53: ابو بكر | D53: 503 | E53: إدارية | F53: 5 | K53: تنتهي قريبًا | L53: باسم مكرم انور كامل | M53: T0054 | N53: 11195 | P53: 0
A54: P03-504 | B54: P03 | C54: ابو بكر | D54: 504 | E54: إدارية | F54: 5 | K54: شاغرة | O54: 01/09/2026 | P54: 38
A55: P03-505 | B55: P03 | C55: ابو بكر | D55: 505 | E55: إدارية | F55: 5 | K55: مؤجَّرة | L55: محمد هلال احمد | M55: T0056 | N55: 13000 | P55: 0
A56: P03-506 | B56: P03 | C56: ابو بكر | D56: 506 | E56: إدارية | F56: 5 | K56: مؤجَّرة | L56: د/ دعاء احمد حسن صديق | M56: T0057 | N56: 19000 | P56: 0
A57: P03-508 | B57: P03 | C57: ابو بكر | D57: 508 | E57: إدارية | F57: 5 | K57: مؤجَّرة | L57: شركة كالدو لادارة المطاعم والكافيهات | M57: T0058 | N57: 18000 | P57: 0
A58: P03-601 | B58: P03 | C58: ابو بكر | D58: 601 | E58: إدارية | F58: 6 | K58: شاغرة | O58: 01/09/2026 | P58: 38
A59: P03-602 | B59: P03 | C59: ابو بكر | D59: 602 | E59: إدارية | F59: 6 | K59: شاغرة | O59: 01/10/2026 | P59: 8
A60: P03-603 | B60: P03 | C60: ابو بكر | D60: 603 | E60: إدارية | F60: 6 | K60: تنتهي قريبًا | L60: خالد السيد محمد محمد عثمان صالح احمد عبد العزيز احمد | M60: T0061 | N60: 11495 | P60: 0
A61: P03-604 | B61: P03 | C61: ابو بكر | D61: 604 | E61: إدارية | F61: 6 | K61: تنتهي قريبًا | L61: هبه علي بكر | M61: T0062 | N61: 11000 | P61: 0
A62: P03-605 | B62: P03 | C62: ابو بكر | D62: 605 | E62: إدارية | F62: 6 | K62: مؤجَّرة | L62: ابراهيم مصطفى محمد | M62: T0063 | N62: 8775 | P62: 0
A63: P03-606 | B63: P03 | C63: ابو بكر | D63: 606 | E63: إدارية | F63: 6 | K63: مؤجَّرة | L63: شركة البوسفور للتجارة والتصدير | M63: T0064 | N63: 19000 | P63: 0
A64: P03-607 | B64: P03 | C64: ابو بكر | D64: 607 | E64: إدارية | F64: 6 | K64: مؤجَّرة | L64: شركة الراحتين للخدمات الطبية | M64: T0065 | N64: 10500 | P64: 0
A65: P03-608 | B65: P03 | C65: ابو بكر | D65: 608 | E65: إدارية | F65: 6 | K65: شاغرة | O65: 01/07/2026 | P65: 100
A66: P03-701 | B66: P03 | C66: ابو بكر | D66: 701 | E66: إدارية | F66: 7 | K66: شاغرة | O66: 16/09/2026 | P66: 23
A67: P03-703 | B67: P03 | C67: ابو بكر | D67: 703 | E67: إدارية | F67: 7 | K67: مؤجَّرة | L67: شركة ديجيلابس | M67: T0068 | N67: 20000 | P67: 0
A68: P03-704 | B68: P03 | C68: ابو بكر | D68: 704 | E68: إدارية | F68: 7 | K68: تنتهي قريبًا | L68: شركة نمو زون | M68: T0069 | N68: 11000 | P68: 0
A69: P03-705 | B69: P03 | C69: ابو بكر | D69: 705 | E69: إدارية | F69: 7 | K69: شاغرة | O69: 08/10/2026 | P69: 1
A70: P03-706 | B70: P03 | C70: ابو بكر | D70: 706 | E70: إدارية | F70: 7 | K70: شاغرة | O70: 01/08/2026 | P70: 69
A71: P03-707 | B71: P03 | C71: ابو بكر | D71: 707 | E71: إدارية | F71: 7 | K71: شاغرة | O71: 01/09/2026 | P71: 38
A72: P03-708 | B72: P03 | C72: ابو بكر | D72: 708 | E72: إدارية | F72: 7 | K72: شاغرة | O72: 01/10/2026 | P72: 8

Sheet أصول الوحدات
A1: كود الوحدة | B1: الأصل | C1: موجود | D1: التفاصيل

Sheet العملاء
A1: كود العميل | B1: الاسم | C1: النوع | D1: الممثل القانوني | E1: الرقم القومي / الباسبور | F1: تسجيل ضريبي | G1: التليفون | H1: تليفون آخر | I1: البريد الإلكتروني | J1: العنوان | K1: ملاحظات | L1: تاريخ الإضافة | M1: عدد العقود (محسوب) | N1: عقود سارية (محسوب) | O1: المتأخرات (محسوب) | P1: إجمالي المسدَّد (محسوب)
A2: C001 | B2: حسام حسن سنوسي | C2: فرد | D2: يوسف حسن سنوسي | E2: 29202162300777 | M2: 1 | N2: 0 | O2: 0 | P2: 63525
A3: C002 | B3: صالون ايه ام Salon A M | C3: شركة | D3: محمد ابراهيم موسى | E3: 29206013100132 | M3: 1 | N3: 0 | O3: 0 | P3: 122000
A4: C003 | B4: شركة الدقة للاستشارات الهندسية | C4: شركة | D4: محمد احمد فراج | E4: 28803262100597 | F4: 726-387-908 | M4: 2 | N4: 2 | O4: 283383 | P4: 1094793
A5: C004 | B5: شركة العنوان للانتاج الفني | C5: شركة | D5: نسرين احمد عثمان | E5: P10629999 | M5: 1 | N5: 0 | O5: 0 | P5: 209000
A6: C005 | B6: شركة ديل اند بيك للتجارة الالكترونية | C6: شركة | D6: وليد محمود مصطفى | E6: 28407140102651 | F6: 557-627-516 | M6: 1 | N6: 0 | O6: 0 | P6: 255840
A7: C006 | B7: مصطفى عثمان ابراهيم | C7: فرد | E7: 27004050101531 | M7: 1 | N7: 0 | O7: 0 | P7: 72990
A8: C007 | B8: شركة مستر تايلور | C8: شركة | D8: احمد رشد قاسم | E8: 27307022102338 | F8: 721-692-965 | M8: 1 | N8: 1 | O8: 93170 | P8: 343035
A9: C008 | B9: شركة صحة سكان | C9: شركة | D9: اشرف صلاح محمد | E9: 25510030100193 | F9: 421-187-875 | M9: 1 | N9: 1 | O9: 50820 | P9: 203280
A10: C009 | B10: شركة ستاف ارابيا | C10: شركة | D10: اياد صبحي حافظ | E10: N011661697 | F10: 567-354-873 | M10: 1 | N10: 1 | O10: 93170 | P10: 372680
A11: C010 | B11: علي فرغلي علي | C11: فرد | E11: 29705050200631 | M11: 1 | N11: 1 | O11: 74000 | P11: 239960
A12: C011 | B12: دكتور شريف عزت عبد الخالق | C12: فرد | E12: 26211150101815 | M12: 1 | N12: 1 | O12: 78000 | P12: 293000
A13: C012 | B13: شركة ايجل اي ميدل ايست | C13: شركة | D13: اسلام محمد عبد الفتاح | E13: 28910220100539 | F13: 730-874-532 | M13: 2 | N13: 2 | O13: 154560 | P13: 557910
A14: C013 | B14: دكتور ياسر خالد بادي محمد | C14: فرد | D14: ياسر خالد بادي محمد | E14: 29010208800714 | M14: 1 | N14: 1 | O14: 76970 | P14: 299680
A15: C014 | B15: دكتور عمرو هشام محمد | C15: فرد | D15: عمرو هشام محمد | E15: 29009011320232 | M15: 1 | N15: 1 | O15: 60500 | P15: 242000
A16: C015 | B16: د/ احمد محمد حسن - د/ دينا محمد سعيد | C16: فرد | E16: 27404220102918 | M16: 1 | N16: 0 | O16: 0 | P16: 152480
A17: C016 | B17: د/ ياسمين جمال - د/ محمد خطاب | C17: فرد | D17: ياسمين محمد جمال الدين - محمد حمدي محمد | E17: 28607270103607 | M17: 1 | N17: 0 | O17: 20570 | P17: 164560
A18: C017 | B18: حمدي جمال حمدي | C18: فرد | E18: 30109182600357 | M18: 1 | N18: 1 | O18: 50820 | P18: 203280
A19: C018 | B19: شركة موريشي للاستيراد والتصدير | C19: شركة | D19: محمد مصطفى محمد | E19: 28206128800771 | F19: 578-907-399 | M19: 1 | N19: 1 | O19: 89540 | P19: 329670
A20: C019 | B20: شركة تسفع لتطوير المهارات | C20: شركة | D20: محمد مصطفى محمد | E20: 28206128800771 | F20: 765-044-404 | M20: 1 | N20: 1 | O20: 89540 | P20: 329670
A21: C020 | B21: احمد هاشم احمد | C21: فرد | E21: P12786398 | M21: 3 | N21: 3 | O21: 122000 | P21: 375000
A22: C021 | B22: عبد الرحمن هلال احمد | C22: فرد | E22: 29108131301515 | M22: 1 | N22: 1 | O22: 14000 | P22: 56000
A23: C022 | B23: وليد عبد الرحمن عبد الكريم | C23: فرد | E23: X853069 | M23: 1 | N23: 1 | O23: 30000 | P23: 108000
A24: C023 | B24: محمد هلال احمد | C24: فرد | E24: 28408191301751 | M24: 4 | N24: 4 | O24: 72000 | P24: 256000
A25: C024 | B25: ارابيك في اي بي | C25: فرد | D25: ليلى جمال شعبان | E25: 29409202103248 | M25: 1 | N25: 0 | O25: 0 | P25: 57475
A26: C025 | B26: د/ احمد وجدي عبد القادر | C26: فرد | D26: احمد وجدي عبد القادر | E26: 28509092104431 | M26: 1 | N26: 0 | O26: 0 | P26: 132000
A27: C026 | B27: د/ مصطفى مجدي عوض | C27: فرد | D27: مصطفى مجدي عوض | E27: 28910178800274 | M27: 1 | N27: 0 | O27: 0 | P27: 75000
A28: C027 | B28: د/ محمد عبد الحليم محمود | C28: فرد | D28: محمد عبد الحليم محمود | E28: 28907122102999 | M28: 1 | N28: 1 | O28: 29000 | P28: 29000
A29: C028 | B29: عبدالله عصام شعبان | C29: فرد | E29: N589794681 | M29: 1 | N29: 1 | O29: 28000 | P29: 112000
A30: C029 | B30: شركة جي اس للمنتجات الجلدية والاكسسوار | C30: شركة | D30: جيداء يسر محمد | E30: 26306292101365 | M30: 1 | N30: 0 | O30: 0 | P30: 132000
A31: C030 | B31: د/ رامه هاشم ابو زيد | C31: فرد | D31: رامه هاشم ابو زيد | E31: P13199335 | M31: 1 | N31: 1 | O31: 40000 | P31: 80000
A32: C031 | B32: شركة لينيا ارت برودكشن | C32: شركة | D32: احمد صبري عبد العزيز | E32: 27310061501011 | F32: 337-707-162 | M32: 1 | N32: 1 | O32: 42350 | P32: 163625
A33: C032 | B33: حسام عبد المحسن شحات | C33: فرد | E33: 29909152101756 | M33: 1 | N33: 0 | O33: 61767 | P33: 85000
A34: C033 | B34: وليد محمد عبد القادر | C34: فرد | E34: 28210160103159 | F34: 723-549-699 | M34: 1 | N34: 0 | O34: 8500 | P34: 136000
A35: C034 | B35: خالد مصطفى الطيب | C35: فرد | E35: B00021465 | M35: 1 | N35: 0 | O35: 2702 | P35: 7565
A36: C035 | B36: سارة سيد احمد | C36: فرد | E36: P08991266 | M36: 1 | N36: 1 | O36: 28000 | P36: 14000
A37: C036 | B37: شركة سي سي بي ري للاعتماد والتفتيش الزراعي | C37: شركة | D37: ايهاب احمد عبد الرحمن | E37: 27901280101094 | F37: 640-971-180 | M37: 1 | N37: 1 | O37: 23000 | P37: 92000
A38: C037 | B38: وليد مصطفى احمد | C38: فرد | E38: 28002058800153 | M38: 1 | N38: 1 | O38: 22390 | P38: 89560
A39: C038 | B39: د/ ولاء محمد سيد جاد | C39: فرد | D39: ولاء محمد جاد | E39: 29304288800241 | M39: 1 | N39: 1 | O39: 24200 | P39: 96800
A40: C039 | B40: مبادرات وزارة الشباب والرياضة | C40: شركة | D40: امني سعد سيد محمد | E40: 28101192201744 | F40: 631-230-068 | M40: 1 | N40: 1 | O40: 24200 | P40: 91300
A41: C040 | B41: شركة HMA | C41: شركة | D41: محمد البشير حسن | E41: P08627722 | M41: 1 | N41: 1 | O41: 29700 | P41: 127710
A42: C041 | B42: نور صدقي محمد | C42: فرد | E42: 28302228800335 | M42: 1 | N42: 1 | O42: 27000 | P42: 100500
A43: C042 | B43: شركة معز الهندسية | C43: شركة | D43: مستنصر شبير ميمون | E43: X7619916 | M43: 1 | N43: 1 | O43: 28000 | P43: 108000
A44: C043 | B44: شركة تباشير للاستثمار | C44: شركة | D44: عمر محمود محمد | E44: P06048447 | M44: 1 | N44: 1 | O44: 29130 | P44: 125350
A45: C044 | B45: شركة العوضي للتجارة والشحن الدولي | C45: شركة | D45: خالد مصطفى الطيب | E45: 567-734-420 | M45: 1 | N45: 1 | O45: 33000 | P45: 132000
A46: C045 | B46: احمد عصام الدين عبد السلام | C46: فرد | E46: 29910198801173 | M46: 1 | N46: 0 | O46: 18500 | P46: 148000
A47: C046 | B47: نور فلد للاستشارات التجارية | C47: شركة | D47: نورهان فاروق معوض | E47: 29810012118882 | M47: 2 | N47: 0 | O47: 0 | P47: 210000
A48: C047 | B48: باسم مكرم انور كامل | C48: فرد | E48: 29402012408072 | M48: 1 | N48: 1 | O48: 33645 | P48: 78305
A49: C048 | B49: شركة لوتس للتجارة والملابس الجاهزة | C49: شركة | D49: ايمن احمد الله | E49: 29001292102441 | M49: 1 | N49: 0 | O49: 0 | P49: 80000
A50: C049 | B50: د/ دعاء احمد حسن صديق | C50: فرد | D50: دعاء احمد حسن صديق | E50: P0753664 | M50: 1 | N50: 1 | O50: 38000 | P50: 142000
A51: C050 | B51: شركة كالدو لادارة المطاعم والكافيهات | C51: شركة | D51: حسام عمر حماد | E51: P06922103 | F51: 782-617-808 | M51: 1 | N51: 1 | O51: 36900 | P51: 49500
A52: C051 | B52: شركة الجزيرة للتنمية والتعمير | C52: شركة | D52: وائل سيد حسب الله حسن | E52: 27806082800957 | M52: 1 | N52: 0 | O52: 0 | P52: 77440
A53: C052 | B53: شركة ديناميك للاستشارات الهندسية | C53: شركة | D53: بدر محمد كامل | E53: 27701040100156 | F53: 379-360-810 | M53: 1 | N53: 0 | O53: 19000 | P53: 152000
A54: C053 | B54: خالد السيد محمد محمد عثمان صالح احمد عبد العزيز احمد | C54: فرد | E54: P07615625 | M54: 1 | N54: 1 | O54: 22990 | P54: 91960
A55: C054 | B55: هبه علي بكر | C55: فرد | E55: 30008010102044 | M55: 1 | N55: 1 | O55: 22000 | P55: 88000
A56: C055 | B56: ابراهيم مصطفى محمد | C56: فرد | E56: 28405118800678 | M56: 1 | N56: 1 | O56: 26325 | P56: 64040
A57: C056 | B57: شركة البوسفور للتجارة والتصدير | C57: شركة | D57: ابو بكر محمد ابراهيم | E57: P07389148 | M57: 1 | N57: 1 | O57: 38000 | P57: 126000
A58: C057 | B58: شركة الراحتين للخدمات الطبية | C58: شركة | D58: احمد جمال الدين عبد الفتاح | E58: 28007202100058 | M58: 1 | N58: 1 | O58: 63000 | P58: 42000
A59: C058 | B59: شركة المكس لتوريد الخرسانة الجاهزة والركام | C59: شركة | D59: اسلام سمير نور الدين | E59: 28506170105016 | M59: 1 | N59: 0 | O59: 0 | P59: 78000
A60: C059 | B60: شركة الفيروز | C60: شركة | D60: فيروز صدقي صديق | E60: 29312022102801 | F60: 724-203-192 | M60: 1 | N60: 0 | O60: 8500 | P60: 136000
A61: C060 | B61: شركة ديجيلابس | C61: شركة | D61: قاسم انور | E61: EM8386669 | M61: 1 | N61: 1 | O61: 40000 | P61: 40000
A62: C061 | B62: شركة نمو زون | C62: شركة | D62: يحيى محمد احمد | E62: 10414477 | M62: 1 | N62: 1 | O62: 27323 | P62: 77000
A63: C062 | B63: محمد عوده محمد | C63: فرد | E63: O9565826 | M63: 1 | N63: 0 | O63: 46484 | P63: 55000
A64: C063 | B64: شركة امن قروب للمحاصيل الزراعية | C64: شركة | D64: محمود ميلادي محمود | E64: 28302172800612 | F64: 337-042-634 | M64: 1 | N64: 0 | O64: 10890 | P64: 65340
A65: C064 | B65: شركة هيثم للتجارة | C65: شركة | D65: هيثم محمد | E65: P08023784 | M65: 2 | N65: 0 | O65: 13000 | P65: 208000

Sheet العقود
A1: كود العقد | B1: كود الوحدة | C1: كود العميل | D1: المشروع | E1: الوحدة | F1: العميل | G1: بداية العقد | H1: نهاية العقد | I1: الإيجار الشهري (السنة الأولى) | J1: الزيادة السنوية % | K1: إيجار كل سنة (يدوي) | L1: التأمين | M1: حالة التأمين | N1: يوم الاستحقاق | O1: العقد السابق | P1: ملاحظات | Q1: ترتيب الورقة | R1: تاريخ الإضافة | S1: الحالة (محسوب) | T1: الإيجار الحالي (محسوب) | U1: المسدَّد (محسوب) | V1: المتأخرات (محسوب) | W1: جدول السنوات (محسوب)
A2: T0001 | B2: P01-S1 | C2: C001 | D2: بابل | E2: محل | F2: حسام حسن سنوسي | G2: 45078 | H2: 46173 | I2: 12705 | J2: 0 | K2: 3:12705 | L2: 0 | M2: بدون تأمين | N2: 1 | Q2: 1 | S2: منتهٍ | T2: 12705 | U2: 63525 | V2: 0 | W2: س1 01/06/2023–31/05/2024: 12,705 | س2 01/06/2024–31/05/2025: 12,705 | س3 01/06/2025–31/05/2026: 12,705
A3: T0002 | B3: P01-S2 | C3: C002 | D3: بابل | E3: محل | F3: صالون ايه ام Salon A M | G3: 45778 | H3: 46142 | I3: 30500 | J3: 0 | L3: 0 | M3: بدون تأمين | N3: 1 | Q3: 2 | S3: منتهٍ | T3: 30500 | U3: 122000 | V3: 0 | W3: س1 01/05/2025–30/04/2026: 30,500
A4: T0003 | B4: P01-M1-2 | C4: C003 | D4: بابل | E4: ميزان 1/2 | F4: شركة الدقة للاستشارات الهندسية | G4: 45432 | H4: 46526 | I4: 41000 | J4: 10 | K4: 2:45100; 3:49610 | L4: 0 | M4: بدون تأمين | N4: 1 | Q4: 3 | S4: ساري | T4: 49610 | U4: 375833 | V4: 99463 | W4: س1 20/05/2024–19/05/2025: 41,000 | س2 20/05/2025–19/05/2026: 45,100 | س3 20/05/2026–19/05/2027: 49,610
A5: T0004 | B5: P01-M3 | C5: C004 | D5: بابل | E5: ميزان 3 | F5: شركة العنوان للانتاج الفني | G5: 45444 | H5: 46173 | I5: 41800 | J5: 0 | K5: 2:41800 | L5: 0 | M5: بدون تأمين | N5: 1 | Q5: 4 | S5: منتهٍ | T5: 41800 | U5: 209000 | V5: 0 | W5: س1 01/06/2024–31/05/2025: 41,800 | س2 01/06/2025–31/05/2026: 41,800
A6: T0005 | B6: P01-F2 | C6: C003 | D6: بابل | E6: الدور الثاني | F6: شركة الدقة للاستشارات الهندسية | G6: 45352 | H6: 46446 | I6: 76000 | J6: 10 | K6: 2:83600; 3:91960 | L6: 0 | M6: بدون تأمين | N6: 1 | Q6: 5 | S6: ساري | T6: 91960 | U6: 718960 | V6: 183920 | W6: س1 01/03/2024–28/02/2025: 76,000 | س2 01/03/2025–28/02/2026: 83,600 | س3 01/03/2026–28/02/2027: 91,960
A7: T0006 | B7: P01-O42 | C7: C005 | D7: بابل | E7: مكتب 42 | F7: شركة ديل اند بيك للتجارة الالكترونية | G7: 45158 | H7: 46253 | I7: 30250 | J7: 0 | K7: 3:30250 | L7: 0 | M7: بدون تأمين | N7: 1 | Q7: 6 | S7: منتهٍ | T7: 30250 | U7: 255840 | V7: 0 | W7: س1 20/08/2023–19/08/2024: 30,250 | س2 20/08/2024–19/08/2025: 30,250 | س3 20/08/2025–19/08/2026: 30,250
A8: T0007 | B8: P01-O61 | C8: C006 | D8: بابل | E8: مكتب 61 | F8: مصطفى عثمان ابراهيم | G8: 45017 | H8: 46112 | I8: 24330 | J8: 0 | K8: 3:24330 | L8: 0 | M8: بدون تأمين | N8: 1 | Q8: 7 | S8: منتهٍ | T8: 24330 | U8: 72990 | V8: 0 | W8: س1 01/04/2023–31/03/2024: 24,330 | س2 01/04/2024–31/03/2025: 24,330 | س3 01/04/2025–31/03/2026: 24,330
A9: T0008 | B9: P02-M1 | C9: C007 | D9: محيي الدين | E9: ميزان 1 | F9: شركة مستر تايلور | G9: 45139 | H9: 46965 | I9: 35000 | J9: 10 | K9: 3:42350; 4:46585 | L9: 0 | M9: بدون تأمين | N9: 1 | Q9: 8 | S9: ساري | T9: 46585 | U9: 343035 | V9: 93170 | W9: س1 01/08/2023–31/07/2024: 35,000 | س2 01/08/2024–31/07/2025: 38,500 | س3 01/08/2025–31/07/2026: 42,350 | س4 01/08/2026–31/07/2027: 46,585 | س5 01/08/2027–31/07/2028: 51,244
A10: T0009 | B10: P02-M2 | C10: C008 | D10: محيي الدين | E10: ميزان 2 | F10: شركة صحة سكان | G10: 45242 | H10: 46337 | I10: 25410 | J10: 0 | K10: 3:25410 | L10: 0 | M10: بدون تأمين | N10: 1 | Q10: 9 | S10: ساري | T10: 25410 | U10: 203280 | V10: 50820 | W10: س1 12/11/2023–11/11/2024: 25,410 | س2 12/11/2024–11/11/2025: 25,410 | س3 12/11/2025–11/11/2026: 25,410
A11: T0010 | B11: P02-202 | C11: C009 | D11: محيي الدين | E11: 202 | F11: شركة ستاف ارابيا | G11: 45231 | H11: 46326 | I11: 46585 | J11: 0 | K11: 3:46585 | L11: 0 | M11: بدون تأمين | N11: 1 | Q11: 10 | S11: ساري | T11: 46585 | U11: 372680 | V11: 93170 | W11: س1 01/11/2023–31/10/2024: 46,585 | س2 01/11/2024–31/10/2025: 46,585 | س3 01/11/2025–31/10/2026: 46,585
A12: T0011 | B12: P02-301 | C12: C010 | D12: محيي الدين | E12: 301 | F12: علي فرغلي علي | G12: 46143 | H12: 46507 | I12: 37000 | J12: 0 | L12: 0 | M12: بدون تأمين | N12: 1 | Q12: 11 | S12: ساري | T12: 37000 | U12: 239960 | V12: 74000 | W12: س1 01/05/2026–30/04/2027: 37,000
A13: T0012 | B13: P02-302 | C13: C011 | D13: محيي الدين | E13: 302 | F13: دكتور شريف عزت عبد الخالق | G13: 46143 | H13: 46507 | I13: 38500 | J13: 0 | L13: 0 | M13: بدون تأمين | N13: 1 | Q13: 12 | S13: ساري | T13: 38500 | U13: 293000 | V13: 78000 | W13: س1 01/05/2026–30/04/2027: 38,500
A14: T0013 | B14: P02-303 | C14: C012 | D14: محيي الدين | E14: 303 | F14: شركة ايجل اي ميدل ايست | G14: 45870 | H14: 46965 | I14: 43000 | J14: 15 | K14: 2:49450 | L14: 0 | M14: بدون تأمين | N14: 1 | Q14: 13 | S14: ساري | T14: 49450 | U14: 350450 | V14: 98900 | W14: س1 01/08/2025–31/07/2026: 43,000 | س2 01/08/2026–31/07/2027: 49,450 | س3 01/08/2027–31/07/2028: 56,867
A15: T0014 | B15: P02-304 | C15: C012 | D15: محيي الدين | E15: 304 | F15: شركة ايجل اي ميدل ايست | G15: 45474 | H15: 46568 | I15: 23000 | J15: 10 | K15: 2:25300; 3:27830 | L15: 0 | M15: بدون تأمين | N15: 1 | Q15: 14 | S15: ساري | T15: 27830 | U15: 207460 | V15: 55660 | W15: س1 01/07/2024–30/06/2025: 23,000 | س2 01/07/2025–30/06/2026: 25,300 | س3 01/07/2026–30/06/2027: 27,830
A16: T0015 | B16: P02-401 | C16: C013 | D16: محيي الدين | E16: 401 | F16: دكتور ياسر خالد بادي محمد | G16: 45668 | H16: 46397 | I16: 37665 | J16: 0 | K16: 2:37665 | L16: 0 | M16: بدون تأمين | N16: 1 | Q16: 15 | S16: ساري | T16: 37665 | U16: 299680 | V16: 76970 | W16: س1 11/01/2025–10/01/2026: 37,665 | س2 11/01/2026–10/01/2027: 37,665
A17: T0016 | B17: P02-404 | C17: C014 | D17: محيي الدين | E17: 404 | F17: دكتور عمرو هشام محمد | G17: 45292 | H17: 46387 | I17: 30250 | J17: 0 | K17: 3:30250 | L17: 0 | M17: بدون تأمين | N17: 1 | Q17: 16 | S17: ساري | T17: 30250 | U17: 242000 | V17: 60500 | W17: س1 01/01/2024–31/12/2024: 30,250 | س2 01/01/2025–31/12/2025: 30,250 | س3 01/01/2026–31/12/2026: 30,250
A18: T0017 | B18: P02-502 | C18: C015 | D18: محيي الدين | E18: 502 | F18: د/ احمد محمد حسن - د/ دينا محمد سعيد | G18: 45170 | H18: 46265 | I18: 19060 | J18: 0 | K18: 3:19060 | L18: 0 | M18: بدون تأمين | N18: 1 | Q18: 17 | S18: منتهٍ | T18: 19060 | U18: 152480 | V18: 0 | W18: س1 01/09/2023–31/08/2024: 19,060 | س2 01/09/2024–31/08/2025: 19,060 | س3 01/09/2025–31/08/2026: 19,060
A19: T0018 | B19: P02-503 | C19: C016 | D19: محيي الدين | E19: 503 | F19: د/ ياسمين جمال - د/ محمد خطاب | G19: 45200 | H19: 46295 | I19: 20570 | J19: 0 | K19: 3:20570 | L19: 0 | M19: بدون تأمين | N19: 1 | Q19: 18 | S19: منتهٍ | T19: 20570 | U19: 164560 | V19: 20570 | W19: س1 01/10/2023–30/09/2024: 20,570 | س2 01/10/2024–30/09/2025: 20,570 | س3 01/10/2025–30/09/2026: 20,570
A20: T0019 | B20: P02-504 | C20: C017 | D20: محيي الدين | E20: 504 | F20: حمدي جمال حمدي | G20: 45231 | H20: 46326 | I20: 25410 | J20: 0 | K20: 3:25410 | L20: 0 | M20: بدون تأمين | N20: 1 | Q20: 19 | S20: ساري | T20: 25410 | U20: 203280 | V20: 50820 | W20: س1 01/11/2023–31/10/2024: 25,410 | س2 01/11/2024–31/10/2025: 25,410 | س3 01/11/2025–31/10/2026: 25,410
A21: T0020 | B21: P03-M1 | C21: C018 | D21: ابو بكر | E21: ميزان 1 | F21: شركة موريشي للاستيراد والتصدير | G21: 45505 | H21: 46599 | I21: 37000 | J21: 10 | K21: 2:40700; 3:44770 | L21: 0 | M21: بدون تأمين | N21: 1 | Q21: 20 | S21: ساري | T21: 44770 | U21: 329670 | V21: 89540 | W21: س1 01/08/2024–31/07/2025: 37,000 | س2 01/08/2025–31/07/2026: 40,700 | س3 01/08/2026–31/07/2027: 44,770
A22: T0021 | B22: P03-M2 | C22: C019 | D22: ابو بكر | E22: ميزان 2 | F22: شركة تسفع لتطوير المهارات | G22: 45505 | H22: 46599 | I22: 37000 | J22: 10 | K22: 2:40700; 3:44770 | L22: 0 | M22: بدون تأمين | N22: 1 | Q22: 21 | S22: ساري | T22: 44770 | U22: 329670 | V22: 89540 | W22: س1 01/08/2024–31/07/2025: 37,000 | س2 01/08/2025–31/07/2026: 40,700 | س3 01/08/2026–31/07/2027: 44,770
A23: T0022 | B23: P03-102 | C23: C020 | D23: ابو بكر | E23: 102 | F23: احمد هاشم احمد | G23: 46204 | H23: 46568 | I23: 20000 | J23: 0 | L23: 0 | M23: بدون تأمين | N23: 1 | Q23: 22 | S23: ساري | T23: 20000 | U23: 145000 | V23: 40000 | W23: س1 01/07/2026–30/06/2027: 20,000
A24: T0023 | B24: P03-103 | C24: C021 | D24: ابو بكر | E24: 103 | F24: عبد الرحمن هلال احمد | G24: 45992 | H24: 46356 | I24: 7000 | J24: 0 | L24: 0 | M24: بدون تأمين | N24: 1 | Q24: 23 | S24: ساري | T24: 7000 | U24: 56000 | V24: 14000 | W24: س1 01/12/2025–30/11/2026: 7,000
A25: T0024 | B25: P03-104 | C25: C022 | D25: ابو بكر | E25: 104 | F25: وليد عبد الرحمن عبد الكريم | G25: 46204 | H25: 46568 | I25: 15000 | J25: 0 | L25: 0 | M25: بدون تأمين | N25: 1 | Q25: 24 | S25: ساري | T25: 15000 | U25: 108000 | V25: 30000 | W25: س1 01/07/2026–30/06/2027: 15,000
A26: T0025 | B26: P03-105 | C26: C020 | D26: ابو بكر | E26: 105 | F26: احمد هاشم احمد | G26: 46204 | H26: 46568 | I26: 15000 | J26: 0 | L26: 0 | M26: بدون تأمين | N26: 1 | Q26: 25 | S26: ساري | T26: 15000 | U26: 97000 | V26: 44000 | W26: س1 01/07/2026–30/06/2027: 15,000
A27: T0026 | B27: P03-106 | C27: C023 | D27: ابو بكر | E27: 106 | F27: محمد هلال احمد | G27: 45992 | H27: 46356 | I27: 7000 | J27: 0 | L27: 0 | M27: بدون تأمين | N27: 1 | Q27: 26 | S27: ساري | T27: 7000 | U27: 56000 | V27: 14000 | W27: س1 01/12/2025–30/11/2026: 7,000
A28: T0027 | B28: P03-107 | C28: C023 | D28: ابو بكر | E28: 107 | F28: محمد هلال احمد | G28: 46204 | H28: 46568 | I28: 8000 | J28: 0 | L28: 0 | M28: بدون تأمين | N28: 1 | Q28: 27 | S28: ساري | T28: 8000 | U28: 54000 | V28: 16000 | W28: س1 01/07/2026–30/06/2027: 8,000
A29: T0028 | B29: P03-108 | C29: C023 | D29: ابو بكر | E29: 108 | F29: محمد هلال احمد | G29: 46204 | H29: 46568 | I29: 8000 | J29: 0 | L29: 0 | M29: بدون تأمين | N29: 1 | Q29: 28 | S29: ساري | T29: 8000 | U29: 54000 | V29: 16000 | W29: س1 01/07/2026–30/06/2027: 8,000
A30: T0029 | B30: P03-201 | C30: C024 | D30: ابو بكر | E30: 201 | F30: ارابيك في اي بي | G30: 45078 | H30: 46173 | I30: 11495 | J30: 0 | K30: 3:11495 | L30: 0 | M30: بدون تأمين | N30: 1 | Q30: 29 | S30: منتهٍ | T30: 11495 | U30: 57475 | V30: 0 | W30: س1 01/06/2023–31/05/2024: 11,495 | س2 01/06/2024–31/05/2025: 11,495 | س3 01/06/2025–31/05/2026: 11,495
A31: T0030 | B31: P03-202 | C31: C025 | D31: ابو بكر | E31: 202 | F31: د/ احمد وجدي عبد القادر | G31: 45901 | H31: 46265 | I31: 16500 | J31: 0 | L31: 0 | M31: بدون تأمين | N31: 1 | Q31: 30 | S31: منتهٍ | T31: 16500 | U31: 132000 | V31: 0 | W31: س1 01/09/2025–31/08/2026: 16,500
A32: T0031 | B32: P03-204 | C32: C026 | D32: ابو بكر | E32: 204 | F32: د/ مصطفى مجدي عوض | G32: 45839 | H32: 46203 | I32: 12500 | J32: 0 | L32: 0 | M32: بدون تأمين | N32: 1 | Q32: 31 | S32: منتهٍ (أُجِّرت بعده) | T32: 12500 | U32: 75000 | V32: 0 | W32: س1 01/07/2025–30/06/2026: 12,500
A33: T0032 | B33: P03-204 | C33: C027 | D33: ابو بكر | E33: 204 | F33: د/ محمد عبد الحليم محمود | G33: 46204 | H33: 46568 | I33: 14500 | J33: 0 | L33: 0 | M33: بدون تأمين | N33: 1 | Q33: 32 | S33: ساري | T33: 14500 | U33: 29000 | V33: 29000 | W33: س1 01/07/2026–30/06/2027: 14,500
A34: T0033 | B34: P03-205 | C34: C028 | D34: ابو بكر | E34: 205 | F34: عبدالله عصام شعبان | G34: 45977 | H34: 46341 | I34: 14000 | J34: 0 | L34: 0 | M34: بدون تأمين | N34: 1 | Q34: 33 | S34: ساري | T34: 14000 | U34: 112000 | V34: 28000 | W34: س1 16/11/2025–15/11/2026: 14,000
A35: T0034 | B35: P03-206 | C35: C029 | D35: ابو بكر | E35: 206 | F35: شركة جي اس للمنتجات الجلدية والاكسسوار | G35: 45901 | H35: 46264 | I35: 16500 | J35: 0 | L35: 0 | M35: بدون تأمين | N35: 1 | Q35: 34 | S35: منتهٍ | T35: 16500 | U35: 132000 | V35: 0 | W35: س1 01/09/2025–30/08/2026: 16,500
A36: T0035 | B36: P03-207 | C36: C030 | D36: ابو بكر | E36: 207 | F36: د/ رامه هاشم ابو زيد | G36: 46143 | H36: 46507 | I36: 20000 | J36: 0 | L36: 0 | M36: بدون تأمين | N36: 1 | Q36: 35 | S36: ساري | T36: 20000 | U36: 80000 | V36: 40000 | W36: س1 01/05/2026–30/04/2027: 20,000
A37: T0036 | B37: P03-208 | C37: C031 | D37: ابو بكر | E37: 208 | F37: شركة لينيا ارت برودكشن | G37: 45383 | H37: 46477 | I37: 17500 | J37: 10 | K37: 2:19250; 3:21175 | L37: 0 | M37: بدون تأمين | N37: 1 | Q37: 36 | S37: ساري | T37: 21175 | U37: 163625 | V37: 42350 | W37: س1 01/04/2024–31/03/2025: 17,500 | س2 01/04/2025–31/03/2026: 19,250 | س3 01/04/2026–31/03/2027: 21,175
A38: T0037 | B38: P03-301 | C38: C032 | D38: ابو بكر | E38: 301 | F38: حسام عبد المحسن شحات | G38: 45920 | H38: 46284 | I38: 17000 | J38: 0 | L38: 0 | M38: بدون تأمين | N38: 1 | Q38: 37 | S38: منتهٍ | T38: 17000 | U38: 85000 | V38: 61767 | W38: س1 20/09/2025–19/09/2026: 17,000
A39: T0038 | B39: P03-302 | C39: C033 | D39: ابو بكر | E39: 302 | F39: وليد محمد عبد القادر | G39: 45916 | H39: 46280 | I39: 17000 | J39: 0 | L39: 0 | M39: بدون تأمين | N39: 1 | Q39: 38 | S39: منتهٍ | T39: 17000 | U39: 136000 | V39: 8500 | W39: س1 16/09/2025–15/09/2026: 17,000
A40: T0039 | B40: P03-303 | C40: C020 | D40: ابو بكر | E40: 303 | F40: احمد هاشم احمد | G40: 46054 | H40: 46418 | I40: 19000 | J40: 0 | L40: 0 | M40: بدون تأمين | N40: 1 | Q40: 39 | S40: ساري | T40: 19000 | U40: 133000 | V40: 38000 | W40: س1 01/02/2026–31/01/2027: 19,000
A41: T0040 | B41: P03-304 | C41: C034 | D41: ابو بكر | E41: 304 | F41: خالد مصطفى الطيب | G41: 44968 | H41: 46063 | I41: 7565 | J41: 0 | K41: 3:7565 | L41: 0 | M41: بدون تأمين | N41: 1 | Q41: 40 | S41: منتهٍ (أُجِّرت بعده) | T41: 7565 | U41: 7565 | V41: 2702 | W41: س1 11/02/2023–10/02/2024: 7,565 | س2 11/02/2024–10/02/2025: 7,565 | س3 11/02/2025–10/02/2026: 7,565
A42: T0041 | B42: P03-304 | C42: C035 | D42: ابو بكر | E42: 304 | F42: سارة سيد احمد | G42: 46235 | H42: 46599 | I42: 14000 | J42: 0 | L42: 0 | M42: بدون تأمين | N42: 1 | Q42: 41 | S42: ساري | T42: 14000 | U42: 14000 | V42: 28000 | W42: س1 01/08/2026–31/07/2027: 14,000
A43: T0042 | B43: P03-305 | C43: C036 | D43: ابو بكر | E43: 305 | F43: شركة سي سي بي ري للاعتماد والتفتيش الزراعي | G43: 46023 | H43: 46387 | I43: 11500 | J43: 0 | L43: 0 | M43: بدون تأمين | N43: 1 | Q43: 42 | S43: ساري | T43: 11500 | U43: 92000 | V43: 23000 | W43: س1 01/01/2026–31/12/2026: 11,500
A44: T0043 | B44: P03-306 | C44: C037 | D44: ابو بكر | E44: 306 | F44: وليد مصطفى احمد | G44: 45261 | H44: 46356 | I44: 11195 | J44: 0 | K44: 3:11195 | L44: 0 | M44: بدون تأمين | N44: 1 | Q44: 43 | S44: ساري | T44: 11195 | U44: 89560 | V44: 22390 | W44: س1 01/12/2023–30/11/2024: 11,195 | س2 01/12/2024–30/11/2025: 11,195 | س3 01/12/2025–30/11/2026: 11,195
A45: T0044 | B45: P03-307 | C45: C038 | D45: ابو بكر | E45: 307 | F45: د/ ولاء محمد سيد جاد | G45: 45627 | H45: 46721 | I45: 12100 | J45: 0 | K45: 2:12100 | L45: 0 | M45: بدون تأمين | N45: 1 | Q45: 44 | S45: ساري | T45: 12100 | U45: 96800 | V45: 24200 | W45: س1 01/12/2024–30/11/2025: 12,100 | س2 01/12/2025–30/11/2026: 12,100 | س3 01/12/2026–30/11/2027: 12,100
A46: T0045 | B46: P03-401 | C46: C039 | D46: ابو بكر | E46: 401 | F46: مبادرات وزارة الشباب والرياضة | G46: 45444 | H46: 46538 | I46: 10000 | J46: 10 | K46: 2:11000; 3:12100 | L46: 0 | M46: بدون تأمين | N46: 1 | Q46: 45 | S46: ساري | T46: 12100 | U46: 91300 | V46: 24200 | W46: س1 01/06/2024–31/05/2025: 10,000 | س2 01/06/2025–31/05/2026: 11,000 | س3 01/06/2026–31/05/2027: 12,100
A47: T0046 | B47: P03-403 | C47: C040 | D47: ابو بكر | E47: 403 | F47: شركة HMA | G47: 45307 | H47: 46402 | I47: 14850 | J47: 0 | K47: 3:14850 | L47: 0 | M47: بدون تأمين | N47: 1 | Q47: 46 | S47: ساري | T47: 14850 | U47: 127710 | V47: 29700 | W47: س1 16/01/2024–15/01/2025: 14,850 | س2 16/01/2025–15/01/2026: 14,850 | س3 16/01/2026–15/01/2027: 14,850
A48: T0047 | B48: P03-404 | C48: C041 | D48: ابو بكر | E48: 404 | F48: نور صدقي محمد | G48: 46174 | H48: 46538 | I48: 13500 | J48: 0 | L48: 0 | M48: بدون تأمين | N48: 1 | Q48: 47 | S48: ساري | T48: 13500 | U48: 100500 | V48: 27000 | W48: س1 01/06/2026–31/05/2027: 13,500
A49: T0048 | B49: P03-405 | C49: C042 | D49: ابو بكر | E49: 405 | F49: شركة معز الهندسية | G49: 46082 | H49: 46446 | I49: 14000 | J49: 0 | L49: 0 | M49: بدون تأمين | N49: 1 | Q49: 48 | S49: ساري | T49: 14000 | U49: 108000 | V49: 28000 | W49: س1 01/03/2026–28/02/2027: 14,000
A50: T0049 | B50: P03-406 | C50: C043 | D50: ابو بكر | E50: 406 | F50: شركة تباشير للاستثمار | G50: 45302 | H50: 46397 | I50: 14565 | J50: 0 | K50: 3:14565 | L50: 0 | M50: بدون تأمين | N50: 1 | Q50: 49 | S50: ساري | T50: 14565 | U50: 125350 | V50: 29130 | W50: س1 11/01/2024–10/01/2025: 14,565 | س2 11/01/2025–10/01/2026: 14,565 | س3 11/01/2026–10/01/2027: 14,565
A51: T0050 | B51: P03-407 | C51: C044 | D51: ابو بكر | E51: 407 | F51: شركة العوضي للتجارة والشحن الدولي | G51: 46023 | H51: 46387 | I51: 16500 | J51: 0 | L51: 0 | M51: بدون تأمين | N51: 1 | P51: الإجمالي في الورقة 115,500 لكن الشهور مجموعها 132,000 - راجع الأصل | Q51: 50 | S51: ساري | T51: 16500 | U51: 132000 | V51: 33000 | W51: س1 01/01/2026–31/12/2026: 16,500
A52: T0051 | B52: P03-408 | C52: C045 | D52: ابو بكر | E52: 408 | F52: احمد عصام الدين عبد السلام | G52: 45931 | H52: 46295 | I52: 18500 | J52: 0 | L52: 0 | M52: بدون تأمين | N52: 1 | Q52: 51 | S52: منتهٍ | T52: 18500 | U52: 148000 | V52: 18500 | W52: س1 01/10/2025–30/09/2026: 18,500
A53: T0052 | B53: P03-501 | C53: C046 | D53: ابو بكر | E53: 501 | F53: نور فلد للاستشارات التجارية | G53: 45870 | H53: 46234 | I53: 15000 | J53: 0 | L53: 0 | M53: بدون تأمين | N53: 1 | Q53: 52 | S53: منتهٍ | T53: 15000 | U53: 105000 | V53: 0 | W53: س1 01/08/2025–31/07/2026: 15,000
A54: T0053 | B54: P03-502 | C54: C046 | D54: ابو بكر | E54: 502 | F54: نور فلد للاستشارات التجارية | G54: 45870 | H54: 46234 | I54: 15000 | J54: 0 | L54: 0 | M54: بدون تأمين | N54: 1 | Q54: 53 | S54: منتهٍ | T54: 15000 | U54: 105000 | V54: 0 | W54: س1 01/08/2025–31/07/2026: 15,000
A55: T0054 | B55: P03-503 | C55: C047 | D55: ابو بكر | E55: 503 | F55: باسم مكرم انور كامل | G55: 45231 | H55: 46326 | I55: 11195 | J55: 0 | K55: 3:11195 | L55: 0 | M55: بدون تأمين | N55: 1 | P55: الإجمالي في الورقة 78,765 لكن الشهور مجموعها 78,305 - يوليو ممكن يكون 11,595 | Q55: 54 | S55: ساري | T55: 11195 | U55: 78305 | V55: 33645 | W55: س1 01/11/2023–31/10/2024: 11,195 | س2 01/11/2024–31/10/2025: 11,195 | س3 01/11/2025–31/10/2026: 11,195
A56: T0055 | B56: P03-504 | C56: C048 | D56: ابو بكر | E56: 504 | F56: شركة لوتس للتجارة والملابس الجاهزة | G56: 45901 | H56: 46265 | I56: 10000 | J56: 0 | L56: 0 | M56: بدون تأمين | N56: 1 | Q56: 55 | S56: منتهٍ | T56: 10000 | U56: 80000 | V56: 0 | W56: س1 01/09/2025–31/08/2026: 10,000
A57: T0056 | B57: P03-505 | C57: C023 | D57: ابو بكر | E57: 505 | F57: محمد هلال احمد | G57: 46204 | H57: 46568 | I57: 13000 | J57: 0 | L57: 0 | M57: بدون تأمين | N57: 1 | Q57: 56 | S57: ساري | T57: 13000 | U57: 92000 | V57: 26000 | W57: س1 01/07/2026–30/06/2027: 13,000
A58: T0057 | B58: P03-506 | C58: C049 | D58: ابو بكر | E58: 506 | F58: د/ دعاء احمد حسن صديق | G58: 46174 | H58: 46538 | I58: 19000 | J58: 0 | L58: 0 | M58: بدون تأمين | N58: 1 | Q58: 57 | S58: ساري | T58: 19000 | U58: 142000 | V58: 38000 | W58: س1 01/06/2026–31/05/2027: 19,000
A59: T0058 | B59: P03-508 | C59: C050 | D59: ابو بكر | E59: 508 | F59: شركة كالدو لادارة المطاعم والكافيهات | G59: 46180 | H59: 46544 | I59: 18000 | J59: 0 | L59: 0 | M59: بدون تأمين | N59: 1 | Q59: 58 | S59: ساري | T59: 18000 | U59: 49500 | V59: 36900 | W59: س1 07/06/2026–06/06/2027: 18,000
A60: T0059 | B60: P03-601 | C60: C051 | D60: ابو بكر | E60: 601 | F60: شركة الجزيرة للتنمية والتعمير | G60: 45170 | H60: 46265 | I60: 9680 | J60: 0 | K60: 3:9680 | L60: 0 | M60: بدون تأمين | N60: 1 | Q60: 59 | S60: منتهٍ | T60: 9680 | U60: 77440 | V60: 0 | W60: س1 01/09/2023–31/08/2024: 9,680 | س2 01/09/2024–31/08/2025: 9,680 | س3 01/09/2025–31/08/2026: 9,680
A61: T0060 | B61: P03-602 | C61: C052 | D61: ابو بكر | E61: 602 | F61: شركة ديناميك للاستشارات الهندسية | G61: 45931 | H61: 46295 | I61: 19000 | J61: 0 | L61: 0 | M61: بدون تأمين | N61: 1 | Q61: 60 | S61: منتهٍ | T61: 19000 | U61: 152000 | V61: 19000 | W61: س1 01/10/2025–30/09/2026: 19,000
A62: T0061 | B62: P03-603 | C62: C053 | D62: ابو بكر | E62: 603 | F62: خالد السيد محمد محمد عثمان صالح احمد عبد العزيز احمد | G62: 45231 | H62: 46326 | I62: 11495 | J62: 0 | K62: 3:11495 | L62: 0 | M62: بدون تأمين | N62: 1 | Q62: 61 | S62: ساري | T62: 11495 | U62: 91960 | V62: 22990 | W62: س1 01/11/2023–31/10/2024: 11,495 | س2 01/11/2024–31/10/2025: 11,495 | س3 01/11/2025–31/10/2026: 11,495
A63: T0062 | B63: P03-604 | C63: C054 | D63: ابو بكر | E63: 604 | F63: هبه علي بكر | G63: 45962 | H63: 46326 | I63: 11000 | J63: 0 | L63: 0 | M63: بدون تأمين | N63: 1 | Q63: 62 | S63: ساري | T63: 11000 | U63: 88000 | V63: 22000 | W63: س1 01/11/2025–31/10/2026: 11,000
A64: T0063 | B64: P03-605 | C64: C055 | D64: ابو بكر | E64: 605 | F64: ابراهيم مصطفى محمد | G64: 46219 | H64: 46583 | I64: 8775 | J64: 0 | L64: 0 | M64: بدون تأمين | N64: 1 | P64: خانة أغسطس مكتوب فيها نص مش رقم (زي الورقة) | Q64: 63 | S64: ساري | T64: 8775 | U64: 64040 | V64: 26325 | W64: س1 16/07/2026–15/07/2027: 8,775
A65: T0064 | B65: P03-606 | C65: C056 | D65: ابو بكر | E65: 606 | F65: شركة البوسفور للتجارة والتصدير | G65: 46219 | H65: 46583 | I65: 19000 | J65: 0 | L65: 0 | M65: بدون تأمين | N65: 1 | Q65: 64 | S65: ساري | T65: 19000 | U65: 126000 | V65: 38000 | W65: س1 16/07/2026–15/07/2027: 19,000
A66: T0065 | B66: P03-607 | C66: C057 | D66: ابو بكر | E66: 607 | F66: شركة الراحتين للخدمات الطبية | G66: 46143 | H66: 46507 | I66: 10500 | J66: 0 | L66: 0 | M66: بدون تأمين | N66: 1 | P66: نهاية العقد في الورقة الأصلية 30/04/2026 (قبل البداية) — صُحِّحت تلقائيًا إلى 30/04/2027 | Q66: 65 | S66: ساري | T66: 10500 | U66: 42000 | V66: 63000 | W66: س1 01/05/2026–30/04/2027: 10,500
A67: T0066 | B67: P03-608 | C67: C058 | D67: ابو بكر | E67: 608 | F67: شركة المكس لتوريد الخرسانة الجاهزة والركام | G67: 45839 | H67: 46203 | I67: 13000 | J67: 0 | L67: 0 | M67: بدون تأمين | N67: 1 | Q67: 66 | S67: منتهٍ | T67: 13000 | U67: 78000 | V67: 0 | W67: س1 01/07/2025–30/06/2026: 13,000
A68: T0067 | B68: P03-701 | C68: C059 | D68: ابو بكر | E68: 701 | F68: شركة الفيروز | G68: 45916 | H68: 46280 | I68: 17000 | J68: 0 | L68: 0 | M68: بدون تأمين | N68: 1 | Q68: 67 | S68: منتهٍ | T68: 17000 | U68: 136000 | V68: 8500 | W68: س1 16/09/2025–15/09/2026: 17,000
A69: T0068 | B69: P03-703 | C69: C060 | D69: ابو بكر | E69: 703 | F69: شركة ديجيلابس | G69: 46204 | H69: 46568 | I69: 20000 | J69: 0 | L69: 0 | M69: بدون تأمين | N69: 1 | Q69: 68 | S69: ساري | T69: 20000 | U69: 40000 | V69: 40000 | W69: س1 01/07/2026–30/06/2027: 20,000
A70: T0069 | B70: P03-704 | C70: C061 | D70: ابو بكر | E70: 704 | F70: شركة نمو زون | G70: 45946 | H70: 46310 | I70: 11000 | J70: 0 | L70: 0 | M70: بدون تأمين | N70: 1 | Q70: 69 | S70: ساري | T70: 11000 | U70: 77000 | V70: 27323 | W70: س1 16/10/2025–15/10/2026: 11,000
A71: T0070 | B71: P03-705 | C71: C062 | D71: ابو بكر | E71: 705 | F71: محمد عوده محمد | G71: 45938 | H71: 46302 | I71: 11000 | J71: 0 | L71: 0 | M71: بدون تأمين | N71: 1 | Q71: 70 | S71: منتهٍ | T71: 11000 | U71: 55000 | V71: 46484 | W71: س1 08/10/2025–07/10/2026: 11,000
A72: T0071 | B72: P03-706 | C72: C063 | D72: ابو بكر | E72: 706 | F72: شركة امن قروب للمحاصيل الزراعية | G72: 45139 | H72: 46234 | I72: 10890 | J72: 0 | K72: 3:10890 | L72: 0 | M72: بدون تأمين | N72: 1 | Q72: 71 | S72: منتهٍ | T72: 10890 | U72: 65340 | V72: 10890 | W72: س1 01/08/2023–31/07/2024: 10,890 | س2 01/08/2024–31/07/2025: 10,890 | س3 01/08/2025–31/07/2026: 10,890
A73: T0072 | B73: P03-707 | C73: C064 | D73: ابو بكر | E73: 707 | F73: شركة هيثم للتجارة | G73: 45901 | H73: 46265 | I73: 13000 | J73: 0 | L73: 0 | M73: بدون تأمين | N73: 1 | Q73: 72 | S73: منتهٍ | T73: 13000 | U73: 104000 | V73: 0 | W73: س1 01/09/2025–31/08/2026: 13,000
A74: T0073 | B74: P03-708 | C74: C064 | D74: ابو بكر | E74: 708 | F74: شركة هيثم للتجارة | G74: 45931 | H74: 46295 | I74: 13000 | J74: 0 | L74: 0 | M74: بدون تأمين | N74: 1 | Q74: 73 | S74: منتهٍ | T74: 13000 | U74: 104000 | V74: 13000 | W74: س1 01/10/2025–30/09/2026: 13,000

Sheet المدفوعات
A1: رقم الفاتورة | B1: كود العقد | C1: العميل | D1: الوحدة | E1: الشهر | F1: المبلغ | G1: تاريخ السداد | H1: طريقة السداد | I1: مرجع / إيصال | J1: ملاحظات | K1: المصدر | L1: تاريخ التسجيل
A2: INV-2026-0001 | B2: T0001 | C2: حسام حسن سنوسي | D2: محل | E2: 2026-01 | F2: 12705 | H2: غير محدد | K2: الإكسيل | L2: 46304
A3: INV-2026-0006 | B3: T0002 | C3: صالون ايه ام Salon A M | D3: محل | E3: 2026-01 | F3: 30500 | H3: غير محدد | K3: الإكسيل | L3: 46304
A4: INV-2026-0010 | B4: T0003 | C4: شركة الدقة للاستشارات الهندسية | D4: ميزان 1/2 | E4: 2026-01 | F4: 45100 | H4: غير محدد | K4: الإكسيل | L4: 46304
A5: INV-2026-0018 | B5: T0004 | C5: شركة العنوان للانتاج الفني | D5: ميزان 3 | E5: 2026-01 | F5: 41800 | H5: غير محدد | K5: الإكسيل | L5: 46304
A6: INV-2026-0023 | B6: T0005 | C6: شركة الدقة للاستشارات الهندسية | D6: الدور الثاني | E6: 2026-01 | F6: 83600 | H6: غير محدد | K6: الإكسيل | L6: 46304
A7: INV-2026-0031 | B7: T0006 | C7: شركة ديل اند بيك للتجارة الالكترونية | D7: مكتب 42 | E7: 2026-01 | F7: 30250 | H7: غير محدد | K7: الإكسيل | L7: 46304
A8: INV-2026-0039 | B8: T0007 | C8: مصطفى عثمان ابراهيم | D8: مكتب 61 | E8: 2026-01 | F8: 24330 | H8: غير محدد | K8: الإكسيل | L8: 46304
A9: INV-2026-0042 | B9: T0008 | C9: شركة مستر تايلور | D9: ميزان 1 | E9: 2026-01 | F9: 42350 | H9: غير محدد | K9: الإكسيل | L9: 46304
A10: INV-2026-0050 | B10: T0009 | C10: شركة صحة سكان | D10: ميزان 2 | E10: 2026-01 | F10: 25410 | H10: غير محدد | K10: الإكسيل | L10: 46304
A11: INV-2026-0058 | B11: T0010 | C11: شركة ستاف ارابيا | D11: 202 | E11: 2026-01 | F11: 46585 | H11: غير محدد | K11: الإكسيل | L11: 46304
A12: INV-2026-0066 | B12: T0011 | C12: علي فرغلي علي | D12: 301 | E12: 2026-01 | F12: 22990 | H12: غير محدد | K12: الإكسيل | L12: 46304
A13: INV-2026-0074 | B13: T0012 | C13: دكتور شريف عزت عبد الخالق | D13: 302 | E13: 2026-01 | F13: 35000 | H13: غير محدد | K13: الإكسيل | L13: 46304
... A510: INV-2026-0509 | B510: T0073 | C510: شركة هيثم للتجارة | D510: 708 | E510: 2026-08 | F510: 13000 | H510: غير محدد | K510: الإكسيل | L510: 46304

Sheet الصيانة
A1: كود الصيانة | B1: كود الوحدة | C1: المشروع | D1: الوحدة | E1: التاريخ | F1: النوع | G1: الوصف | H1: التكلفة | I1: يتحملها | J1: الحالة | K1: تاريخ الإغلاق | L1: ملاحظات | M1: تاريخ الإضافة | N1: المستأجر وقتها (محسوب) | O1: العقد وقتها (محسوب)

Sheet الإعدادات
A1: الإعداد | B1: القيمة | C1: الشرح
A2: اسم المكتب | B2: إيجاري | C2: يظهر أعلى الورقة والموقع
A3: أيام السماح بعد الاستحقاق | B3: 5 | C3: بعدها يُعتبر الشهر متأخرًا
A4: يوم الاستحقاق الافتراضي | B4: 1 | C4: يوم الشهر الذي يستحق فيه الإيجار ما لم يحدد العقد غيره
A5: عتبة الشغور الطويل (شهور) | B5: 3 | C5: الوحدة الشاغرة أطول من ذلك تظهر كتنبيه
A6: بداية المحاسبة (سنة-شهر) | B6: 2026-01 | C6: الشهور قبله لا تُحاسَب (بداية الورقة)
A7: الزيادة السنوية الافتراضية % | B7: 10 | C7: تُقترح عند إنشاء عقد جديد
A8: سنوات الورقة | B8: 2026 | C8: أوراق السنوات الموجودة (تُضاف تلقائيًا)
A9: بادئة رقم الفاتورة | B9: INV | C9: مثل INV-2026-0001
A10: العملة | B10: ج | C10: رمز العملة في العرض
A12: آخر كتابة من الموقع | B12: 2026-10-09 14:16:05
A13: إصدار البنية | B13: 2

Sheet سجل التعديلات
A1: الوقت | B1: العملية | C1: الكيان | D1: الكود | E1: التفاصيل
