Workbook

Sheet 2026
K1: 2026
A2: م | B2: المشروع | C2: الاسم | D2: الممثل القانوني | E2: الوحدة | F2: العنوان | G2: العقد من | H2: العقد الى | I2: تسجيل ضريبي | J2: الرقم القومي / الباسبور | K2: يناير | L2: فبراير | M2: مارس | N2: ابريل | O2: مايو | P2: يونيو | Q2: يوليو | R2: اغسطس | S2: سبتمبر | T2: اكتوبر | U2: نوفمبر | V2: ديسمبر | W2: الاجمالي | X2: ملاحظات
A3: 1 | B3: بابل | C3: عمرو أيمن زكي | D3: باسم رامي عبد الرحمن | E3: محل | F3: شارع بابل الدقي 39 | G3: 45078 | H3: 46173 | J3: 25138731744548 | K3: 12705 | L3: 12705 | M3: 12705 | N3: 12705 | O3: 12705 | W3: =SUM(K3:V3)
A4: 2 | B4: بابل | C4: شركة البركة للمقاولات | D4: عادل باسم عابدين | E4: محل | F4: شارع بابل الدقي 39 | G4: 45778 | H4: 46142 | J4: 20876376398458 | K4: 30500 | L4: 30500 | M4: 30500 | N4: 30500 | W4: =SUM(K4:V4)
A5: 3 | B5: بابل | C5: شركة الأفق لتكنولوجيا المعلومات | D5: سامح يوسف نصار | E5: ميزان 1/2 | F5: شارع بابل الدقي 39 | G5: 45432 | H5: 46526 | I5: 613-789-568 | J5: 26161169066883 | K5: 45100 | L5: 45100 | M5: 45100 | N5: 45100 | O5: 46603 | P5: 49610 | Q5: 49610 | R5: 49610 | W5: =SUM(K5:V5)
A6: 4 | B6: بابل | C6: شركة النور للإنتاج الفني | D6: نهى علي فوزي | E6: ميزان 3 | F6: شارع بابل الدقي 39 | G6: 45444 | H6: 46173 | J6: P95142580 | K6: 41800 | L6: 41800 | M6: 41800 | N6: 41800 | O6: 41800 | W6: =SUM(K6:V6)
A7: 5 | B7: بابل | C7: شركة الأفق لتكنولوجيا المعلومات | D7: أحمد ياسر منصور | E7: الدور الثاني | F7: شارع بابل الدقي 39 | G7: 45352 | H7: 46446 | I7: 613-789-568 | J7: 28134981129635 | K7: 83600 | L7: 83600 | M7: 91960 | N7: 91960 | O7: 91960 | P7: 91960 | Q7: 91960 | R7: 91960 | W7: =SUM(K7:V7)
A8: 6 | B8: بابل | C8: شركة الأمل للاستشارات الهندسية | D8: أحمد ياسر منصور | E8: مكتب 42 | F8: شارع بابل الدقي 39 | G8: 45158 | H8: 46253 | I8: 644-353-356 | J8: 28134981129635 | K8: 30250 | L8: 30250 | M8: 30250 | N8: 30250 | O8: 30250 | P8: 30250 | Q8: 30250 | R8: 44090 | W8: =SUM(K8:V8)
A9: 7 | B9: بابل | C9: عمرو إبراهيم فوزي | D9: عمرو إبراهيم فوزي | E9: مكتب 61 | F9: شارع بابل الدقي 39 | G9: 45017 | H9: 46112 | J9: 23761205972580 | K9: 24330 | L9: 24330 | M9: 24330 | W9: =SUM(K9:V9)
A10: 8 | B10: محيي الدين | C10: شركة المستقبل للتدريب | D10: مروان خالد بدوي | E10: ميزان 1 | F10: شارع محيي الدين ابو العز 30 | G10: 45139 | H10: 46965 | I10: 979-738-984 | J10: 28108914237679 | K10: 42350 | L10: 42350 | M10: 42350 | N10: 42350 | O10: 42350 | P10: 42350 | Q10: 42350 | R10: 46585 | W10: =SUM(K10:V10)
A11: 9 | B11: محيي الدين | C11: شركة الياسمين للتجارة | D11: ياسر محمد رشاد | E11: ميزان 2 | F11: شارع محيي الدين ابو العز 30 | G11: 45242 | H11: 46337 | I11: 738-017-798 | J11: 21743589223868 | K11: 25410 | L11: 25410 | M11: 25410 | N11: 25410 | O11: 25410 | P11: 25410 | Q11: 25410 | R11: 25410 | W11: =SUM(K11:V11)
A12: 10 | B12: محيي الدين | C12: شركة الأفق للاستيراد والتصدير | D12: أمير فادي منصور | E12: 202 | F12: شارع محيي الدين ابو العز 30 | G12: 45231 | H12: 46326 | I12: 829-102-559 | J12: N956207298 | K12: 46585 | L12: 46585 | M12: 46585 | N12: 46585 | O12: 46585 | P12: 46585 | Q12: 46585 | R12: 46585 | W12: =SUM(K12:V12)
A13: 11 | B13: محيي الدين | C13: شريف هشام فوزي | D13: شريف هشام فوزي | E13: 301 | F13: شارع محيي الدين ابو العز 30 | G13: 46143 | H13: 46507 | J13: 26443030301781 | K13: 22990 | L13: 22990 | M13: 22990 | N13: 22990 | O13: 37000 | P13: 37000 | Q13: 37000 | R13: 37000 | W13: =SUM(K13:V13)
A14: 12 | B14: محيي الدين | C14: د/ باسم أمير سليم | D14: د/ باسم أمير سليم | E14: 302 | F14: شارع محيي الدين ابو العز 30 | G14: 46143 | H14: 46507 | J14: 23152474861518 | K14: 35000 | L14: 35000 | M14: 35000 | N14: 35000 | O14: 38500 | P14: 38500 | Q14: 38500 | R14: 37500 | W14: =SUM(K14:V14)
A15: 13 | B15: محيي الدين | C15: شركة الصفوة للإنتاج الفني | D15: خالد يوسف شاكر | E15: 303 | F15: شارع محيي الدين ابو العز 30 | G15: 45870 | H15: 46965 | I15: 963-271-933 | J15: 23918025447827 | K15: 43000 | L15: 43000 | M15: 43000 | N15: 43000 | O15: 43000 | P15: 43000 | Q15: 43000 | R15: 49450 | W15: =SUM(K15:V15)
A16: 14 | B16: محيي الدين | C16: شركة الصفوة للإنتاج الفني | D16: خالد يوسف شاكر | E16: 304 | F16: شارع محيي الدين ابو العز 30 | G16: 45474 | H16: 46568 | I16: 917-062-564 | J16: 23918025447827 | K16: 25300 | L16: 25300 | M16: 25300 | N16: 25300 | O16: 25300 | P16: 25300 | Q16: 27830 | R16: 27830 | W16: =SUM(K16:V16)
A17: 15 | B17: محيي الدين | C17: د/ يوسف حسن مكرم | D17: خالد نادر الجندي | E17: 401 | F17: شارع محيي الدين ابو العز 30 | G17: 45668 | H17: 46397 | J17: 27097993904905 | K17: 36025 | L17: 37665 | M17: 37665 | N17: 37665 | O17: 37665 | P17: 37665 | Q17: 37665 | R17: 37665 | W17: =SUM(K17:V17)
A18: 16 | B18: محيي الدين | C18: د/ فادي سعيد منصور | D18: أيمن حسين عبد الرحمن | E18: 404 | F18: شارع محيي الدين ابو العز 30 | G18: 45292 | H18: 46387 | J18: 20471368514380 | K18: 30250 | L18: 30250 | M18: 30250 | N18: 30250 | O18: 30250 | P18: 30250 | Q18: 30250 | R18: 30250 | W18: =SUM(K18:V18)
A19: 17 | B19: محيي الدين | C19: د/ رضوى خالد عبد الرحمن | D19: د/ رضوى خالد عبد الرحمن | E19: 502 | F19: شارع محيي الدين ابو العز 30 | G19: 45170 | H19: 46265 | J19: 25947450186407 | K19: 19060 | L19: 19060 | M19: 19060 | N19: 19060 | O19: 19060 | P19: 19060 | Q19: 19060 | R19: 19060 | W19: =SUM(K19:V19)
A20: 18 | B20: محيي الدين | C20: د/ آية أيمن بدوي | D20: هالة إبراهيم سليم | E20: 503 | F20: شارع محيي الدين ابو العز 30 | G20: 45200 | H20: 46295 | J20: 22497066998665 | K20: 20570 | L20: 20570 | M20: 20570 | N20: 20570 | O20: 20570 | P20: 20570 | Q20: 20570 | R20: 20570 | W20: =SUM(K20:V20)
A21: 19 | B21: محيي الدين | C21: محمد سعيد عبد الرحمن | D21: محمد سعيد عبد الرحمن | E21: 504 | F21: شارع محيي الدين ابو العز 30 | G21: 45231 | H21: 46326 | J21: 26334081585080 | K21: 25410 | L21: 25410 | M21: 25410 | N21: 25410 | O21: 25410 | P21: 25410 | Q21: 25410 | R21: 25410 | W21: =SUM(K21:V21)
A22: 20 | B22: ابو بكر | C22: شركة الأمل للإنتاج الفني | D22: حسين إبراهيم حسنين | E22: ميزان 1 | F22: شارع ابو بكر الصديق 3 | G22: 45505 | H22: 46599 | I22: 554-940-596 | J22: 21677613365039 | K22: 40700 | L22: 40700 | M22: 40700 | N22: 40700 | O22: 40700 | P22: 40700 | Q22: 40700 | R22: 44770 | W22: =SUM(K22:V22)
A23: 21 | B23: ابو بكر | C23: شركة النور للاستشارات الهندسية | D23: حسين إبراهيم حسنين | E23: ميزان 2 | F23: شارع ابو بكر الصديق 3 | G23: 45505 | H23: 46599 | I23: 024-154-399 | J23: 21677613365039 | K23: 40700 | L23: 40700 | M23: 40700 | N23: 40700 | O23: 40700 | P23: 40700 | Q23: 40700 | R23: 44770 | W23: =SUM(K23:V23)
A24: 22 | B24: ابو بكر | C24: عادل عمر مكرم | D24: عادل عمر مكرم | E24: 102 | F24: شارع ابو بكر الصديق 3 | G24: 46204 | H24: 46568 | J24: P67585839 | K24: 17500 | L24: 17500 | M24: 17500 | N24: 17500 | O24: 17500 | P24: 17500 | Q24: 20000 | R24: 20000 | W24: =SUM(K24:V24)
A25: 23 | B25: ابو بكر | C25: تامر علي بدوي | D25: تامر علي بدوي | E25: 103 | F25: شارع ابو بكر الصديق 3 | G25: 45992 | H25: 46356 | J25: 21316304221599 | K25: 7000 | L25: 7000 | M25: 7000 | N25: 7000 | O25: 7000 | P25: 7000 | Q25: 7000 | R25: 7000 | W25: =SUM(K25:V25)
A26: 24 | B26: ابو بكر | C26: مروان محمود حسنين | D26: مروان محمود حسنين | E26: 104 | F26: شارع ابو بكر الصديق 3 | G26: 46204 | H26: 46568 | J26: X488802 | K26: 13000 | L26: 13000 | M26: 13000 | N26: 13000 | O26: 13000 | P26: 13000 | Q26: 15000 | R26: 15000 | W26: =SUM(K26:V26)
A27: 25 | B27: ابو بكر | C27: عادل عمر مكرم | D27: عادل عمر مكرم | E27: 105 | F27: شارع ابو بكر الصديق 3 | G27: 46204 | H27: 46568 | J27: P16126721 | K27: 13500 | L27: 13500 | M27: 13500 | N27: 13500 | O27: 13500 | P27: 13500 | Q27: 15000 | R27: 1000 | W27: =SUM(K27:V27)
A28: 26 | B28: ابو بكر | C28: حسين أمير بدوي | D28: حسين أمير بدوي | E28: 106 | F28: شارع ابو بكر الصديق 3 | G28: 45992 | H28: 46356 | J28: 29005091319585 | K28: 7000 | L28: 7000 | M28: 7000 | N28: 7000 | O28: 7000 | P28: 7000 | Q28: 7000 | R28: 7000 | W28: =SUM(K28:V28)
A29: 27 | B29: ابو بكر | C29: حسين أمير بدوي | D29: حسين أمير بدوي | E29: 107 | F29: شارع ابو بكر الصديق 3 | G29: 46204 | H29: 46568 | J29: 29005091319585 | K29: 6000 | L29: 6000 | M29: 6000 | N29: 6000 | O29: 6000 | P29: 8000 | Q29: 8000 | R29: 8000 | W29: =SUM(K29:V29)
A30: 28 | B30: ابو بكر | C30: حسين أمير بدوي | D30: حسين أمير بدوي | E30: 108 | F30: شارع ابو بكر الصديق 3 | G30: 46204 | H30: 46568 | J30: 29005091319585 | K30: 6000 | L30: 6000 | M30: 6000 | N30: 6000 | O30: 6000 | P30: 8000 | Q30: 8000 | R30: 8000 | W30: =SUM(K30:V30)
A31: 29 | B31: ابو بكر | C31: شركة الأفق للتدريب | D31: رضوى أيمن البنا | E31: 201 | F31: شارع ابو بكر الصديق 3 | G31: 45078 | H31: 46173 | J31: 24376235169264 | K31: 11495 | L31: 11495 | M31: 11495 | N31: 11495 | O31: 11495 | W31: =SUM(K31:V31)
A32: 30 | B32: ابو بكر | C32: د/ نادر شريف شاكر | D32: هاني فادي الشريف | E32: 202 | F32: شارع ابو بكر الصديق 3 | G32: 45901 | H32: 46265 | J32: 23662595948884 | K32: 16500 | L32: 16500 | M32: 16500 | N32: 16500 | O32: 16500 | P32: 16500 | Q32: 16500 | R32: 16500 | W32: =SUM(K32:V32)
A33: 31 | B33: ابو بكر | C33: د/ يوسف خالد الخولي | D33: علي عمرو غانم | E33: 204 | F33: شارع ابو بكر الصديق 3 | G33: 45839 | H33: 46203 | J33: 27385486153673 | K33: 12500 | L33: 12500 | M33: 12500 | N33: 12500 | O33: 12500 | P33: 12500 | W33: =SUM(K33:V33)
A34: 32 | B34: ابو بكر | C34: د/ عمر باسم رزق | D34: طارق حسن زكي | E34: 204 | F34: شارع ابو بكر الصديق 3 | G34: 46204 | H34: 46568 | J34: 21773257847648 | Q34: 14500 | R34: 14500 | W34: =SUM(K34:V34)
A35: 33 | B35: ابو بكر | C35: أحمد عمرو سليم | D35: أحمد عمرو سليم | E35: 205 | F35: شارع ابو بكر الصديق 3 | G35: 45977 | H35: 46341 | J35: N669822642 | K35: 14000 | L35: 14000 | M35: 14000 | N35: 14000 | O35: 14000 | P35: 14000 | Q35: 14000 | R35: 14000 | W35: =SUM(K35:V35)
A36: 34 | B36: ابو بكر | C36: شركة النخبة للتجارة | D36: آية سامح غانم | E36: 206 | F36: شارع ابو بكر الصديق 3 | G36: 45901 | H36: 46264 | J36: 21663141681918 | K36: 16500 | L36: 16500 | M36: 16500 | N36: 16500 | O36: 16500 | P36: 16500 | Q36: 16500 | R36: 16500 | W36: =SUM(K36:V36)
A37: 35 | B37: ابو بكر | C37: د/ رنا هشام رزق | D37: شيماء عادل البنا | E37: 207 | F37: شارع ابو بكر الصديق 3 | G37: 46143 | H37: 46507 | J37: P59909132 | O37: 20000 | P37: 20000 | Q37: 20000 | R37: 20000 | W37: =SUM(K37:V37)
A38: 36 | B38: ابو بكر | C38: شركة النخبة للإنتاج الفني | D38: نادر فادي حجازي | E38: 208 | F38: شارع ابو بكر الصديق 3 | G38: 45383 | H38: 46477 | I38: 007-132-345 | J38: 26108998543202 | K38: 19250 | L38: 19250 | M38: 19250 | N38: 21175 | O38: 21175 | P38: 21175 | Q38: 21175 | R38: 21175 | W38: =SUM(K38:V38)
A39: 37 | B39: ابو بكر | C39: أحمد طارق غانم | D39: أحمد طارق غانم | E39: 301 | F39: شارع ابو بكر الصديق 3 | G39: 45920 | H39: 46284 | J39: 25580455031010 | K39: 17000 | L39: 17000 | M39: 17000 | N39: 17000 | O39: 17000 | W39: =SUM(K39:V39)
A40: 38 | B40: ابو بكر | C40: خالد شريف زكي | D40: خالد شريف زكي | E40: 302 | F40: شارع ابو بكر الصديق 3 | G40: 45916 | H40: 46280 | I40: 402-661-896 | J40: 27848778987415 | K40: 17000 | L40: 17000 | M40: 17000 | N40: 17000 | O40: 17000 | P40: 17000 | Q40: 17000 | R40: 17000 | W40: =SUM(K40:V40)
A41: 39 | B41: ابو بكر | C41: عادل عمر مكرم | D41: عادل عمر مكرم | E41: 303 | F41: شارع ابو بكر الصديق 3 | G41: 46054 | H41: 46418 | J41: P67585839 | L41: 19000 | M41: 19000 | N41: 19000 | O41: 19000 | P41: 19000 | Q41: 19000 | R41: 19000 | W41: =SUM(K41:V41)
A42: 40 | B42: ابو بكر | C42: مصطفى عمر صبري | D42: مصطفى عمر صبري | E42: 304 | F42: شارع ابو بكر الصديق 3 | G42: 44968 | H42: 46063 | J42: B06893415 | K42: 7565 | W42: =SUM(K42:V42)
A43: 41 | B43: ابو بكر | C43: ندى محمد البنا | D43: ندى محمد البنا | E43: 304 | F43: شارع ابو بكر الصديق 3 | G43: 46235 | H43: 46599 | J43: P28116896 | R43: 14000 | W43: =SUM(K43:V43)
A44: 42 | B44: ابو بكر | C44: شركة النور للخدمات الطبية | D44: محمود كريم حسنين | E44: 305 | F44: شارع ابو بكر الصديق 3 | G44: 46023 | H44: 46387 | I44: 321-202-991 | J44: 24268072855091 | K44: 11500 | L44: 11500 | M44: 11500 | N44: 11500 | O44: 11500 | P44: 11500 | Q44: 11500 | R44: 11500 | W44: =SUM(K44:V44)
A45: 43 | B45: ابو بكر | C45: سامح إبراهيم منصور | D45: سامح إبراهيم منصور | E45: 306 | F45: شارع ابو بكر الصديق 3 | G45: 45261 | H45: 46356 | J45: 24713627349793 | K45: 11195 | L45: 11195 | M45: 11195 | N45: 11195 | O45: 11195 | P45: 11195 | Q45: 11195 | R45: 11195 | W45: =SUM(K45:V45)
A46: 44 | B46: ابو بكر | C46: د/ منى أمير الشريف | D46: نهى حسين رزق | E46: 307 | F46: شارع ابو بكر الصديق 3 | G46: 45627 | H46: 46721 | J46: 22015390430484 | K46: 12100 | L46: 12100 | M46: 12100 | N46: 12100 | O46: 12100 | P46: 12100 | Q46: 12100 | R46: 12100 | W46: =SUM(K46:V46)
A47: 45 | B47: ابو بكر | C47: شركة الأمل للخدمات الطبية | D47: هالة فادي رزق | E47: 401 | F47: شارع ابو بكر الصديق 3 | G47: 45444 | H47: 46538 | I47: 285-771-688 | J47: 24576316942942 | K47: 11000 | L47: 11000 | M47: 11000 | N47: 11000 | O47: 11000 | P47: 12100 | Q47: 12100 | R47: 12100 | W47: =SUM(K47:V47)
A48: 46 | B48: ابو بكر | C48: شركة البركة للتدريب | D48: تامر محمد عبد الرحمن | E48: 403 | F48: شارع ابو بكر الصديق 3 | G48: 45307 | H48: 46402 | J48: P32014397 | K48: 14850 | L48: 14850 | M48: 16335 | N48: 16335 | O48: 16335 | P48: 16335 | Q48: 16335 | R48: 16335 | W48: =SUM(K48:V48)
A49: 47 | B49: ابو بكر | C49: آية محمود بدوي | D49: آية محمود بدوي | E49: 404 | F49: شارع ابو بكر الصديق 3 | G49: 46174 | H49: 46538 | J49: 28845924107212 | K49: 12000 | L49: 12000 | M49: 12000 | N49: 12000 | O49: 12000 | P49: 13500 | Q49: 13500 | R49: 13500 | W49: =SUM(K49:V49)
A50: 48 | B50: ابو بكر | C50: شركة الأصيل للإنتاج الفني | D50: طارق تامر فهمي | E50: 405 | F50: شارع ابو بكر الصديق 3 | G50: 46082 | H50: 46446 | J50: X7515985 | K50: 12000 | L50: 12000 | M50: 14000 | N50: 14000 | O50: 14000 | P50: 14000 | Q50: 14000 | R50: 14000 | W50: =SUM(K50:V50)
A51: 49 | B51: ابو بكر | C51: شركة البركة للاستشارات الهندسية | D51: مصطفى إبراهيم صبري | E51: 406 | F51: شارع ابو بكر الصديق 3 | G51: 45302 | H51: 46397 | J51: P77226406 | K51: 14575 | L51: 14565 | M51: 16035 | N51: 16035 | O51: 16035 | P51: 16035 | Q51: 16035 | R51: 16035 | W51: =SUM(K51:V51)
A52: 50 | B52: ابو بكر | C52: شركة الهرم لتكنولوجيا المعلومات | D52: مصطفى عمر صبري | E52: 407 | F52: شارع ابو بكر الصديق 3 | G52: 46023 | H52: 46387 | J52: 269-105-006 | K52: 16500 | L52: 16500 | M52: 16500 | N52: 16500 | O52: 16500 | P52: 16500 | Q52: 16500 | R52: 16500 | W52: =SUM(K52:V52) | X52: الإجمالي في الورقة 115,500 لكن الشهور مجموعها 132,000 - راجع الأصل
A53: 51 | B53: ابو بكر | C53: مصطفى وليد الجندي | D53: مصطفى وليد الجندي | E53: 408 | F53: شارع ابو بكر الصديق 3 | G53: 45931 | H53: 46295 | J53: 20494595375850 | K53: 18500 | L53: 18500 | M53: 18500 | N53: 18500 | O53: 18500 | P53: 18500 | Q53: 18500 | R53: 18500 | W53: =SUM(K53:V53)
A54: 52 | B54: ابو بكر | C54: شركة الياسمين للتسويق | D54: رضوى هاني الخولي | E54: 501 | F54: شارع ابو بكر الصديق 3 | G54: 45870 | H54: 46234 | J54: 29181560770972 | K54: 15000 | L54: 15000 | M54: 15000 | N54: 15000 | O54: 15000 | P54: 15000 | Q54: 15000 | W54: =SUM(K54:V54)
A55: 53 | B55: ابو بكر | C55: شركة الياسمين للتسويق | D55: رضوى هاني الخولي | E55: 502 | F55: شارع ابو بكر الصديق 3 | G55: 45870 | H55: 46234 | J55: 29181560770972 | K55: 15000 | L55: 15000 | M55: 15000 | N55: 15000 | O55: 15000 | P55: 15000 | Q55: 15000 | W55: =SUM(K55:V55)
A56: 54 | B56: ابو بكر | C56: إبراهيم أحمد البنا | D56: إبراهيم أحمد البنا | E56: 503 | F56: شارع ابو بكر الصديق 3 | G56: 45231 | H56: 46326 | J56: 29562011693306 | K56: 11195 | L56: 11195 | M56: 11195 | N56: 11195 | O56: 11195 | P56: 11195 | Q56: 11135 | W56: =SUM(K56:V56) | X56: الإجمالي في الورقة 78,765 لكن الشهور مجموعها 78,305 - يوليو ممكن يكون 11,595
A57: 55 | B57: ابو بكر | C57: شركة المستقبل للخدمات الطبية | D57: نادر عادل شاكر | E57: 504 | F57: شارع ابو بكر الصديق 3 | G57: 45901 | H57: 46265 | J57: 23449480817877 | K57: 10000 | L57: 10000 | M57: 10000 | N57: 10000 | O57: 10000 | P57: 10000 | Q57: 10000 | R57: 10000 | W57: =SUM(K57:V57)
A58: 56 | B58: ابو بكر | C58: حسين أمير بدوي | D58: حسين أمير بدوي | E58: 505 | F58: شارع ابو بكر الصديق 3 | G58: 46204 | H58: 46568 | J58: 29005091319585 | K58: 11000 | L58: 11000 | M58: 11000 | N58: 11000 | O58: 11000 | P58: 11000 | Q58: 13000 | R58: 13000 | W58: =SUM(K58:V58)
A59: 57 | B59: ابو بكر | C59: د/ آية هشام رشاد | D59: رضوى باسم سلامة | E59: 506 | F59: شارع ابو بكر الصديق 3 | G59: 46174 | H59: 46538 | J59: P1137016 | K59: 17000 | L59: 17000 | M59: 17000 | N59: 17000 | O59: 17000 | P59: 19000 | Q59: 19000 | R59: 19000 | W59: =SUM(K59:V59)
A60: 58 | B60: ابو بكر | C60: شركة الأصيل للاستشارات الهندسية | D60: عمرو مصطفى نصار | E60: 508 | F60: شارع ابو بكر الصديق 3 | G60: 46180 | H60: 46544 | I60: 160-305-190 | J60: P67487613 | P60: 13500 | Q60: 18000 | R60: 18000 | W60: =SUM(K60:V60)
A61: 59 | B61: ابو بكر | C61: شركة الوادي للتنمية | D61: يوسف شريف عبد الرحمن | E61: 601 | F61: شارع ابو بكر الصديق 3 | G61: 45170 | H61: 46265 | J61: 22463542796975 | K61: 9680 | L61: 9680 | M61: 9680 | N61: 9680 | O61: 9680 | P61: 9680 | Q61: 9680 | R61: 9680 | W61: =SUM(K61:V61)
A62: 60 | B62: ابو بكر | C62: شركة الوفاء للاستشارات الهندسية | D62: عادل عمر فهمي | E62: 602 | F62: شارع ابو بكر الصديق 3 | G62: 45931 | H62: 46295 | I62: 775-395-397 | J62: 28440709184758 | K62: 19000 | L62: 19000 | M62: 19000 | N62: 19000 | O62: 19000 | P62: 19000 | Q62: 19000 | R62: 19000 | W62: =SUM(K62:V62)
A63: 61 | B63: ابو بكر | C63: عادل باسم حسنين | D63: عادل باسم حسنين | E63: 603 | F63: شارع ابو بكر الصديق 3 | G63: 45231 | H63: 46326 | J63: P32438961 | K63: 11495 | L63: 11495 | M63: 11495 | N63: 11495 | O63: 11495 | P63: 11495 | Q63: 11495 | R63: 11495 | W63: =SUM(K63:V63)
A64: 62 | B64: ابو بكر | C64: ندى وليد حسنين | D64: ندى وليد حسنين | E64: 604 | F64: شارع ابو بكر الصديق 3 | G64: 45962 | H64: 46326 | J64: 22823424081654 | K64: 11000 | L64: 11000 | M64: 11000 | N64: 11000 | O64: 11000 | P64: 11000 | Q64: 11000 | R64: 11000 | W64: =SUM(K64:V64)
A65: 63 | B65: ابو بكر | C65: شريف هاني فهمي | D65: شريف هاني فهمي | E65: 605 | F65: شارع ابو بكر الصديق 3 | G65: 46219 | H65: 46583 | J65: 25107441967523 | K65: 8775 | L65: 8775 | M65: 8775 | N65: 8775 | O65: 8775 | P65: 8775 | Q65: 11390 | R65: 63+.0+3+26309 | W65: =SUM(K65:V65) | X65: خانة أغسطس مكتوب فيها نص مش رقم (زي الورقة)
A66: 64 | B66: ابو بكر | C66: شركة الياسمين للاستشارات الهندسية | D66: تامر كريم عابدين | E66: 606 | F66: شارع ابو بكر الصديق 3 | G66: 46219 | H66: 46583 | J66: P53868816 | K66: 15000 | L66: 15000 | M66: 15000 | N66: 15000 | O66: 15000 | P66: 15000 | Q66: 17000 | R66: 19000 | W66: =SUM(K66:V66)
A67: 65 | B67: ابو بكر | C67: شركة الدلتا للتجارة | D67: ياسر عمرو حسنين | E67: 607 | F67: شارع ابو بكر الصديق 3 | G67: 46143 | H67: 46142 | J67: 22212055486555 | K67: 10500 | L67: 10500 | M67: 10500 | N67: 10500 | W67: =SUM(K67:V67)
A68: 66 | B68: ابو بكر | C68: شركة السلام للتسويق | D68: باسم حسين صبري | E68: 608 | F68: شارع ابو بكر الصديق 3 | G68: 45839 | H68: 46203 | J68: 21497039356152 | K68: 13000 | L68: 13000 | M68: 13000 | N68: 13000 | O68: 13000 | P68: 13000 | W68: =SUM(K68:V68)
A69: 67 | B69: ابو بكر | C69: شركة المستقبل للتنمية | D69: ريم فادي الخولي | E69: 701 | F69: شارع ابو بكر الصديق 3 | G69: 45916 | H69: 46280 | I69: 756-267-651 | J69: 21453385572731 | K69: 17000 | L69: 17000 | M69: 17000 | N69: 17000 | O69: 17000 | P69: 17000 | Q69: 17000 | R69: 17000 | W69: =SUM(K69:V69)
A70: 68 | B70: ابو بكر | C70: شركة النخبة للتنمية | D70: أحمد تامر الجندي | E70: 703 | F70: شارع ابو بكر الصديق 3 | G70: 46204 | H70: 46568 | J70: EM7579528 | Q70: 20000 | R70: 20000 | W70: =SUM(K70:V70)
A71: 69 | B71: ابو بكر | C71: شركة البركة للتسويق | D71: إبراهيم أحمد عبد الله | E71: 704 | F71: شارع ابو بكر الصديق 3 | G71: 45946 | H71: 46310 | J71: 17587095 | K71: 11000 | L71: 11000 | M71: 11000 | N71: 11000 | O71: 11000 | P71: 11000 | Q71: 11000 | W71: =SUM(K71:V71)
A72: 70 | B72: ابو بكر | C72: عمر مروان غانم | D72: عمر مروان غانم | E72: 705 | F72: شارع ابو بكر الصديق 3 | G72: 45938 | H72: 46302 | J72: O3328543 | K72: 11000 | L72: 11000 | M72: 11000 | N72: 11000 | O72: 11000 | W72: =SUM(K72:V72)
A73: 71 | B73: ابو بكر | C73: شركة الأمل للتسويق | D73: أحمد نادر البنا | E73: 706 | F73: شارع ابو بكر الصديق 3 | G73: 45139 | H73: 46234 | I73: 226-294-497 | J73: 24254910957165 | K73: 10890 | L73: 10890 | M73: 10890 | N73: 10890 | O73: 10890 | P73: 10890 | W73: =SUM(K73:V73)
A74: 72 | B74: ابو بكر | C74: شركة الأفق للخدمات الطبية | D74: أحمد شريف بدوي | E74: 707 | F74: شارع ابو بكر الصديق 3 | G74: 45901 | H74: 46265 | J74: P73767314 | K74: 13000 | L74: 13000 | M74: 13000 | N74: 13000 | O74: 13000 | P74: 13000 | Q74: 13000 | R74: 13000 | W74: =SUM(K74:V74)
A75: 73 | B75: ابو بكر | C75: شركة الأفق للخدمات الطبية | D75: أحمد شريف بدوي | E75: 708 | F75: شارع ابو بكر الصديق 3 | G75: 45931 | H75: 46295 | J75: P73767314 | K75: 13000 | L75: 13000 | M75: 13000 | N75: 13000 | O75: 13000 | P75: 13000 | Q75: 13000 | R75: 13000 | W75: =SUM(K75:V75)
C76: الاجمالي العام | K76: =SUM(K3:K75) | L76: =SUM(L3:L75) | M76: =SUM(M3:M75) | N76: =SUM(N3:N75) | O76: =SUM(O3:O75) | P76: =SUM(P3:P75) | Q76: =SUM(Q3:Q75) | R76: =SUM(R3:R75) | ... W76: =SUM(W3:W75)

Sheet ملخص المشاريع
A1: المشروع | B1: عدد الوحدات | C1: الاجمالي
A2: بابل | B2: =COUNTIF('2026'!B3:B75,A2) | C2: =SUMIF('2026'!B3:B75,A2,'2026'!W3:W75)
A3: محيي الدين | B3: =COUNTIF('2026'!B3:B75,A3) | C3: =SUMIF('2026'!B3:B75,A3,'2026'!W3:W75)
A4: ابو بكر | B4: =COUNTIF('2026'!B3:B75,A4) | C4: =SUMIF('2026'!B3:B75,A4,'2026'!W3:W75)
A5: الاجمالي | B5: =SUM(B2:B4) | C5: =SUM(C2:C4)
